Density, Temperature, thermoValue
0.85, 220, 3.7937e-07
0.85, 220, 3.0196e-07
0.85, 220, 2.8110e-07
0.85, 220, 3.1408e-07
0.85, 220, 3.1612e-07
0.85, 220, 2.9081e-07
0.85, 220, 2.9009e-07
0.85, 220, 3.1604e-07
0.85, 220, 3.1199e-07
0.85, 220, 2.8807e-07
0.85, 240, 9.3170e-07
0.85, 240, 6.9100e-07
0.85, 240, 4.0986e-07
0.85, 240, 3.1408e-07
0.85, 240, 6.6166e-07
0.85, 240, 5.3024e-07
0.85, 240, 5.7756e-07
0.85, 240, 6.9212e-07
0.85, 240, 6.7674e-07
0.85, 240, 3.8935e-07
0.85, 260, 2.6925e-06
0.85, 260, 3.5008e-06
0.85, 260, 2.2032e-06
0.85, 260, 3.1194e-06
0.85, 260, 2.8679e-06
0.85, 260, 1.8407e-06
0.85, 260, 2.6422e-06
0.85, 260, 2.4514e-06
0.85, 260, 2.0951e-06
0.85, 260, 2.2873e-06
0.85, 280, 8.1668e-06
0.85, 280, 8.4321e-06
0.85, 280, 8.6956e-06
0.85, 280, 9.3482e-06
0.85, 280, 1.0565e-05
0.85, 280, 1.0030e-05
0.85, 280, 9.9220e-06
0.85, 280, 8.3119e-06
0.85, 280, 8.6805e-06
0.85, 280, 8.6811e-06
0.85, 300, 1.7612e-05
0.85, 300, 1.8864e-05
0.85, 300, 1.9457e-05
0.85, 300, 1.6032e-05
0.85, 300, 2.1521e-05
0.85, 300, 1.9049e-05
0.85, 300, 2.1166e-05
0.85, 300, 2.0509e-05
0.85, 300, 2.0870e-05
0.85, 300, 2.1284e-05
0.85, 330, 4.1070e-05
0.85, 330, 3.6402e-05
0.85, 330, 4.2932e-05
0.85, 330, 3.8023e-05
0.85, 330, 4.2285e-05
0.85, 330, 4.2864e-05
0.85, 330, 3.7536e-05
0.85, 330, 4.4049e-05
0.85, 330, 3.9434e-05
0.85, 330, 4.6311e-05
0.85, 360, 7.5061e-05
0.85, 360, 6.9187e-05
0.85, 360, 6.5371e-05
0.85, 360, 6.6841e-05
0.85, 360, 6.0248e-05
0.85, 360, 6.6096e-05
0.85, 360, 6.6387e-05
0.85, 360, 6.6234e-05
0.85, 360, 6.4384e-05
0.85, 360, 7.5880e-05
0.9, 220, 2.8303e-07
0.9, 220, 2.7872e-07
0.9, 220, 2.4439e-07
0.9, 220, 2.9334e-07
0.9, 220, 3.1826e-07
0.9, 220, 2.4427e-07
0.9, 220, 2.8939e-07
0.9, 220, 2.4030e-07
0.9, 220, 2.7997e-07
0.9, 220, 2.4943e-07
0.9, 240, 7.5330e-07
0.9, 240, 6.7243e-07
0.9, 240, 1.2629e-06
0.9, 240, 6.7323e-07
0.9, 240, 7.1358e-07
0.9, 240, 6.6548e-07
0.9, 240, 8.2899e-07
0.9, 240, 8.5113e-07
0.9, 240, 8.9921e-07
0.9, 240, 7.4640e-07
0.9, 260, 2.5099e-06
0.9, 260, 3.1715e-06
0.9, 260, 2.2248e-06
0.9, 260, 3.8775e-06
0.9, 260, 3.0475e-06
0.9, 260, 3.4229e-06
0.9, 260, 2.5301e-06
0.9, 260, 2.8801e-06
0.9, 260, 3.4818e-06
0.9, 260, 1.6695e-06
0.9, 280, 9.3410e-06
0.9, 280, 9.5539e-06
0.9, 280, 9.3121e-06
0.9, 280, 8.2766e-06
0.9, 280, 9.9112e-06
0.9, 280, 1.0442e-05
0.9, 280, 9.8660e-06
0.9, 280, 9.9816e-06
0.9, 280, 9.7736e-06
0.9, 280, 8.2437e-06
0.9, 300, 1.7857e-05
0.9, 300, 1.8640e-05
0.9, 300, 1.8032e-05
0.9, 300, 1.9439e-05
0.9, 300, 2.0139e-05
0.9, 300, 1.6918e-05
0.9, 300, 2.1253e-05
0.9, 300, 2.2139e-05
0.9, 300, 1.9788e-05
0.9, 300, 1.7995e-05
0.9, 330, 4.0526e-05
0.9, 330, 4.0212e-05
0.9, 330, 3.7322e-05
0.9, 330, 4.0569e-05
0.9, 330, 4.2077e-05
0.9, 330, 4.0379e-05
0.9, 330, 4.4063e-05
0.9, 330, 4.0735e-05
0.9, 330, 3.6380e-05
0.9, 330, 3.7593e-05
0.9, 360, 6.1054e-05
0.9, 360, 6.0915e-05
0.9, 360, 6.2459e-05
0.9, 360, 6.3182e-05
0.9, 360, 6.8166e-05
0.9, 360, 6.7678e-05
0.9, 360, 6.5963e-05
0.9, 360, 6.2571e-05
0.9, 360, 6.9902e-05
0.9, 360, 6.4864e-05
0.95, 220, 4.2682e-07
0.95, 220, 3.9729e-07
0.95, 220, 3.3758e-07
0.95, 220, 3.1476e-07
0.95, 220, 3.5773e-07
0.95, 220, 4.2735e-07
0.95, 220, 4.0140e-07
0.95, 220, 3.9460e-07
0.95, 220, 3.4936e-07
0.95, 220, 2.8998e-07
0.95, 240, 9.1081e-07
0.95, 240, 9.0109e-07
0.95, 240, 1.1297e-06
0.95, 240, 1.4318e-06
0.95, 240, 1.6850e-06
0.95, 240, 1.6366e-06
0.95, 240, 1.1016e-06
0.95, 240, 1.2295e-06
0.95, 240, 1.3769e-06
0.95, 240, 1.9416e-06
0.95, 260, 4.7743e-06
0.95, 260, 4.2174e-06
0.95, 260, 3.9229e-06
0.95, 260, 4.5105e-06
0.95, 260, 4.1881e-06
0.95, 260, 5.0136e-06
0.95, 260, 4.1318e-06
0.95, 260, 5.1006e-06
0.95, 260, 5.7669e-06
0.95, 260, 4.8781e-06
0.95, 280, 1.1720e-05
0.95, 280, 1.1420e-05
0.95, 280, 1.1145e-05
0.95, 280, 1.1775e-05
0.95, 280, 1.0250e-05
0.95, 280, 1.1072e-05
0.95, 280, 1.1320e-05
0.95, 280, 1.2819e-05
0.95, 280, 1.2116e-05
0.95, 280, 9.1158e-06
0.95, 300, 2.1341e-05
0.95, 300, 2.2814e-05
0.95, 300, 2.2035e-05
0.95, 300, 2.1126e-05
0.95, 300, 1.9057e-05
0.95, 300, 1.9420e-05
0.95, 300, 2.2700e-05
0.95, 300, 2.0883e-05
0.95, 300, 2.0562e-05
0.95, 300, 2.0548e-05
0.95, 330, 3.8566e-05
0.95, 330, 3.7970e-05
0.95, 330, 3.7577e-05
0.95, 330, 3.7361e-05
0.95, 330, 3.8330e-05
0.95, 330, 3.8718e-05
0.95, 330, 4.1259e-05
0.95, 330, 4.0896e-05
0.95, 330, 4.0834e-05
0.95, 330, 3.9578e-05
0.95, 360, 6.2918e-05
0.95, 360, 6.1742e-05
0.95, 360, 6.3764e-05
0.95, 360, 6.2827e-05
0.95, 360, 5.8591e-05
0.95, 360, 5.9461e-05
0.95, 360, 6.0346e-05
0.95, 360, 5.9311e-05
0.95, 360, 6.0587e-05
0.95, 360, 6.4637e-05
1.0, 220, 1.2127e-06
1.0, 220, 6.7338e-07
1.0, 220, 1.0633e-06
1.0, 220, 8.6477e-07
1.0, 220, 9.0887e-07
1.0, 220, 7.3229e-07
1.0, 220, 7.6370e-07
1.0, 220, 6.1136e-07
1.0, 220, 6.4236e-07
1.0, 220, 6.2444e-07
1.0, 240, 2.6778e-06
1.0, 240, 2.2571e-06
1.0, 240, 2.1392e-06
1.0, 240, 2.5220e-06
1.0, 240, 2.8740e-06
1.0, 240, 2.6961e-06
1.0, 240, 2.8923e-06
1.0, 240, 2.0073e-06
1.0, 240, 2.8999e-06
1.0, 240, 2.7470e-06
1.0, 260, 5.9970e-06
1.0, 260, 7.2381e-06
1.0, 260, 6.1228e-06
1.0, 260, 8.0719e-06
1.0, 260, 7.0150e-06
1.0, 260, 6.5854e-06
1.0, 260, 5.9590e-06
1.0, 260, 5.7545e-06
1.0, 260, 6.3831e-06
1.0, 260, 6.0980e-06
1.0, 280, 1.3611e-05
1.0, 280, 1.2814e-05
1.0, 280, 1.2296e-05
1.0, 280, 1.3186e-05
1.0, 280, 1.1320e-05
1.0, 280, 1.2294e-05
1.0, 280, 1.4711e-05
1.0, 280, 1.5207e-05
1.0, 280, 1.2659e-05
1.0, 280, 1.2104e-05
1.0, 300, 2.1203e-05
1.0, 300, 2.3082e-05
1.0, 300, 2.0930e-05
1.0, 300, 2.0817e-05
1.0, 300, 2.3000e-05
1.0, 300, 2.1895e-05
1.0, 300, 2.3695e-05
1.0, 300, 2.0065e-05
1.0, 300, 2.1741e-05
1.0, 300, 2.0604e-05
1.0, 330, 4.0564e-05
1.0, 330, 3.8363e-05
1.0, 330, 4.0886e-05
1.0, 330, 3.6288e-05
1.0, 330, 3.7880e-05
1.0, 330, 3.7604e-05
1.0, 330, 3.8798e-05
1.0, 330, 3.8460e-05
1.0, 330, 3.9609e-05
1.0, 330, 3.7588e-05
1.0, 360, 5.8329e-05
1.0, 360, 5.6145e-05
1.0, 360, 6.2958e-05
1.0, 360, 6.2381e-05
1.0, 360, 6.3507e-05
1.0, 360, 5.8742e-05
1.0, 360, 5.8291e-05
1.0, 360, 6.0823e-05
1.0, 360, 6.1392e-05
1.0, 360, 5.9535e-05
1.05, 220, 9.4064e-07
1.05, 220, 9.9395e-07
1.05, 220, 1.2970e-06
1.05, 220, 1.2457e-06
1.05, 220, 1.7155e-06
1.05, 220, 7.9304e-07
1.05, 220, 1.0083e-06
1.05, 220, 9.0206e-07
1.05, 220, 9.1643e-07
1.05, 220, 1.3384e-06
1.05, 240, 3.9405e-06
1.05, 240, 3.3277e-06
1.05, 240, 2.7853e-06
1.05, 240, 3.9124e-06
1.05, 240, 3.1730e-06
1.05, 240, 3.1972e-06
1.05, 240, 3.2456e-06
1.05, 240, 3.5032e-06
1.05, 240, 3.5405e-06
1.05, 240, 3.8108e-06
1.05, 260, 7.5624e-06
1.05, 260, 7.6305e-06
1.05, 260, 7.7019e-06
1.05, 260, 8.3136e-06
1.05, 260, 8.6645e-06
1.05, 260, 7.1615e-06
1.05, 260, 7.4716e-06
1.05, 260, 6.7291e-06
1.05, 260, 6.7320e-06
1.05, 260, 7.6518e-06
1.05, 280, 1.4408e-05
1.05, 280, 1.4426e-05
1.05, 280, 1.4699e-05
1.05, 280, 1.3766e-05
1.05, 280, 1.2600e-05
1.05, 280, 1.4184e-05
1.05, 280, 1.5528e-05
1.05, 280, 1.5129e-05
1.05, 280, 1.3826e-05
1.05, 280, 1.3921e-05
1.05, 300, 2.2377e-05
1.05, 300, 2.2479e-05
1.05, 300, 2.3799e-05
1.05, 300, 2.2687e-05
1.05, 300, 2.3220e-05
1.05, 300, 2.3878e-05
1.05, 300, 2.2403e-05
1.05, 300, 2.2669e-05
1.05, 300, 2.1521e-05
1.05, 300, 2.4199e-05
1.05, 330, 3.6489e-05
1.05, 330, 3.8921e-05
1.05, 330, 3.3605e-05
1.05, 330, 3.4914e-05
1.05, 330, 4.0495e-05
1.05, 330, 3.6509e-05
1.05, 330, 3.8943e-05
1.05, 330, 4.1084e-05
1.05, 330, 3.7751e-05
1.05, 330, 4.1233e-05
1.05, 360, 5.9514e-05
1.05, 360, 5.6227e-05
1.05, 360, 5.3502e-05
1.05, 360, 5.8272e-05
1.05, 360, 5.8338e-05
1.05, 360, 5.8165e-05
1.05, 360, 5.7470e-05
1.05, 360, 5.5487e-05
1.05, 360, 5.2118e-05
1.05, 360, 5.5441e-05
1.1, 220, 1.4318e-06
1.1, 220, 1.2037e-06
1.1, 220, 1.4614e-06
1.1, 220, 1.6835e-06
1.1, 220, 1.7597e-06
1.1, 220, 1.8533e-06
1.1, 220, 1.7790e-06
1.1, 220, 1.9175e-06
1.1, 220, 1.4128e-06
1.1, 220, 1.6904e-06
1.1, 240, 5.0630e-06
1.1, 240, 3.5938e-06
1.1, 240, 4.8181e-06
1.1, 240, 3.8730e-06
1.1, 240, 3.8806e-06
1.1, 240, 4.2030e-06
1.1, 240, 4.9874e-06
1.1, 240, 4.0836e-06
1.1, 240, 3.9582e-06
1.1, 240, 3.5078e-06
1.1, 260, 7.8886e-06
1.1, 260, 8.3254e-06
1.1, 260, 8.7064e-06
1.1, 260, 8.1042e-06
1.1, 260, 1.0031e-05
1.1, 260, 7.3425e-06
1.1, 260, 8.4113e-06
1.1, 260, 7.6282e-06
1.1, 260, 8.0601e-06
1.1, 260, 8.8339e-06
1.1, 280, 1.4348e-05
1.1, 280, 1.6865e-05
1.1, 280, 1.4466e-05
1.1, 280, 1.5645e-05
1.1, 280, 1.3852e-05
1.1, 280, 1.2912e-05
1.1, 280, 1.4363e-05
1.1, 280, 1.3742e-05
1.1, 280, 1.3261e-05
1.1, 280, 1.4124e-05
1.1, 300, 2.1363e-05
1.1, 300, 2.2435e-05
1.1, 300, 2.2996e-05
1.1, 300, 2.1323e-05
1.1, 300, 2.3143e-05
1.1, 300, 2.0070e-05
1.1, 300, 2.2302e-05
1.1, 300, 2.0580e-05
1.1, 300, 2.2393e-05
1.1, 300, 2.0566e-05
1.1, 330, 3.4849e-05
1.1, 330, 3.4604e-05
1.1, 330, 3.7579e-05
1.1, 330, 3.2178e-05
1.1, 330, 3.8071e-05
1.1, 330, 3.9349e-05
1.1, 330, 3.3191e-05
1.1, 330, 3.4612e-05
1.1, 330, 3.3702e-05
1.1, 330, 3.9405e-05
1.1, 360, 4.5669e-05
1.1, 360, 4.8192e-05
1.1, 360, 5.5792e-05
1.1, 360, 4.6822e-05
1.1, 360, 5.0482e-05
1.1, 360, 5.0243e-05
1.1, 360, 4.9123e-05
1.1, 360, 4.8833e-05
1.1, 360, 5.4697e-05
1.1, 360, 5.0206e-05
1.15, 220, 1.5002e-06
1.15, 220, 1.7065e-06
1.15, 220, 1.9077e-06
1.15, 220, 1.3879e-06
1.15, 220, 1.6502e-06
1.15, 220, 1.6189e-06
1.15, 220, 1.7816e-06
1.15, 220, 1.3741e-06
1.15, 220, 1.4666e-06
1.15, 220, 1.7805e-06
1.15, 240, 4.3651e-06
1.15, 240, 4.2215e-06
1.15, 240, 3.9752e-06
1.15, 240, 4.2425e-06
1.15, 240, 3.9471e-06
1.15, 240, 4.8537e-06
1.15, 240, 5.4646e-06
1.15, 240, 3.8433e-06
1.15, 240, 4.3830e-06
1.15, 240, 3.4136e-06
1.15, 260, 9.0902e-06
1.15, 260, 8.1041e-06
1.15, 260, 7.8506e-06
1.15, 260, 8.1385e-06
1.15, 260, 7.9734e-06
1.15, 260, 8.2576e-06
1.15, 260, 8.0896e-06
1.15, 260, 8.5634e-06
1.15, 260, 7.7548e-06
1.15, 260, 7.3170e-06
1.15, 280, 1.3610e-05
1.15, 280, 1.4651e-05
1.15, 280, 1.4357e-05
1.15, 280, 1.5284e-05
1.15, 280, 1.5285e-05
1.15, 280, 1.3626e-05
1.15, 280, 1.1670e-05
1.15, 280, 1.4332e-05
1.15, 280, 1.4029e-05
1.15, 280, 1.3553e-05
1.15, 300, 1.8845e-05
1.15, 300, 2.3611e-05
1.15, 300, 2.1241e-05
1.15, 300, 2.0440e-05
1.15, 300, 1.9992e-05
1.15, 300, 1.8414e-05
1.15, 300, 2.1421e-05
1.15, 300, 1.9344e-05
1.15, 300, 1.9661e-05
1.15, 300, 2.2322e-05
1.15, 330, 2.9071e-05
1.15, 330, 2.9877e-05
1.15, 330, 3.1167e-05
1.15, 330, 3.1992e-05
1.15, 330, 3.2152e-05
1.15, 330, 3.1464e-05
1.15, 330, 3.2778e-05
1.15, 330, 3.2215e-05
1.15, 330, 3.3089e-05
1.15, 330, 3.4314e-05
1.15, 360, 4.5332e-05
1.15, 360, 4.6388e-05
1.15, 360, 4.6684e-05
1.15, 360, 4.3976e-05
1.15, 360, 4.4023e-05
1.15, 360, 4.6825e-05
1.15, 360, 4.3025e-05
1.15, 360, 4.2776e-05
1.15, 360, 4.3489e-05
1.15, 360, 4.3930e-05
1.2, 220, 1.3261e-06
1.2, 220, 1.3151e-06
1.2, 220, 1.3808e-06
1.2, 220, 1.3905e-06
1.2, 220, 1.0983e-06
1.2, 220, 1.6303e-06
1.2, 220, 1.4316e-06
1.2, 220, 1.3984e-06
1.2, 220, 1.4709e-06
1.2, 220, 1.2710e-06
1.2, 240, 3.6442e-06
1.2, 240, 3.9778e-06
1.2, 240, 3.2853e-06
1.2, 240, 4.3553e-06
1.2, 240, 3.6536e-06
1.2, 240, 3.4970e-06
1.2, 240, 4.2103e-06
1.2, 240, 3.4940e-06
1.2, 240, 4.0694e-06
1.2, 240, 3.6738e-06
1.2, 260, 8.3670e-06
1.2, 260, 7.5830e-06
1.2, 260, 6.9107e-06
1.2, 260, 7.3360e-06
1.2, 260, 7.9382e-06
1.2, 260, 7.9758e-06
1.2, 260, 7.4607e-06
1.2, 260, 8.0112e-06
1.2, 260, 8.3850e-06
1.2, 260, 8.3652e-06
1.2, 280, 1.2882e-05
1.2, 280, 1.1423e-05
1.2, 280, 1.2124e-05
1.2, 280, 1.2750e-05
1.2, 280, 1.2124e-05
1.2, 280, 1.2132e-05
1.2, 280, 1.0632e-05
1.2, 280, 1.2152e-05
1.2, 280, 1.1995e-05
1.2, 280, 1.2806e-05
1.2, 300, 1.9336e-05
1.2, 300, 1.8742e-05
1.2, 300, 1.7871e-05
1.2, 300, 1.8023e-05
1.2, 300, 1.8998e-05
1.2, 300, 1.9044e-05
1.2, 300, 1.7579e-05
1.2, 300, 1.8618e-05
1.2, 300, 1.8444e-05
1.2, 300, 1.5429e-05
1.2, 330, 2.8880e-05
1.2, 330, 3.0141e-05
1.2, 330, 2.7716e-05
1.2, 330, 2.9479e-05
1.2, 330, 2.7686e-05
1.2, 330, 2.8161e-05
1.2, 330, 2.6780e-05
1.2, 330, 2.5764e-05
1.2, 330, 2.9583e-05
1.2, 330, 2.8309e-05
1.2, 360, 3.5003e-05
1.2, 360, 3.9735e-05
1.2, 360, 4.0491e-05
1.2, 360, 4.0164e-05
1.2, 360, 4.0625e-05
1.2, 360, 4.0836e-05
1.2, 360, 3.8032e-05
1.2, 360, 3.6081e-05
1.2, 360, 3.8498e-05
1.2, 360, 3.6451e-05
1.25, 220, 9.4885e-07
1.25, 220, 1.1891e-06
1.25, 220, 8.8838e-07
1.25, 220, 8.3750e-07
1.25, 220, 1.1244e-06
1.25, 220, 1.1003e-06
1.25, 220, 1.2021e-06
1.25, 220, 1.2559e-06
1.25, 220, 9.8480e-07
1.25, 220, 1.3332e-06
1.25, 240, 3.3258e-06
1.25, 240, 2.7214e-06
1.25, 240, 3.4110e-06
1.25, 240, 3.0067e-06
1.25, 240, 3.0619e-06
1.25, 240, 3.3866e-06
1.25, 240, 2.4888e-06
1.25, 240, 3.3919e-06
1.25, 240, 3.2417e-06
1.25, 240, 2.6630e-06
1.25, 260, 6.7365e-06
1.25, 260, 6.4174e-06
1.25, 260, 6.7609e-06
1.25, 260, 6.2166e-06
1.25, 260, 6.7013e-06
1.25, 260, 6.0110e-06
1.25, 260, 6.2183e-06
1.25, 260, 6.3122e-06
1.25, 260, 5.9821e-06
1.25, 260, 7.2644e-06
1.25, 280, 1.1122e-05
1.25, 280, 1.1479e-05
1.25, 280, 1.0955e-05
1.25, 280, 1.1183e-05
1.25, 280, 1.0171e-05
1.25, 280, 9.9709e-06
1.25, 280, 9.7936e-06
1.25, 280, 1.1746e-05
1.25, 280, 9.7952e-06
1.25, 280, 1.0165e-05
1.25, 300, 1.5115e-05
1.25, 300, 1.5919e-05
1.25, 300, 1.6001e-05
1.25, 300, 1.5047e-05
1.25, 300, 1.5996e-05
1.25, 300, 1.5294e-05
1.25, 300, 1.5965e-05
1.25, 300, 1.6224e-05
1.25, 300, 1.5474e-05
1.25, 300, 1.6179e-05
1.25, 330, 2.2097e-05
1.25, 330, 2.4234e-05
1.25, 330, 2.7870e-05
1.25, 330, 2.4964e-05
1.25, 330, 2.6844e-05
1.25, 330, 2.4915e-05
1.25, 330, 2.6055e-05
1.25, 330, 2.6338e-05
1.25, 330, 2.7013e-05
1.25, 330, 2.3628e-05
1.25, 360, 3.5976e-05
1.25, 360, 3.3257e-05
1.25, 360, 3.3353e-05
1.25, 360, 3.2312e-05
1.25, 360, 3.4813e-05
1.25, 360, 3.1577e-05
1.25, 360, 2.8671e-05
1.25, 360, 3.2999e-05
1.25, 360, 3.5374e-05
1.25, 360, 3.3945e-05
1.3, 220, 8.6376e-07
1.3, 220, 4.8489e-07
1.3, 220, 6.1148e-07
1.3, 220, 6.0966e-07
1.3, 220, 9.2919e-07
1.3, 220, 3.2780e-07
1.3, 220, 5.8938e-07
1.3, 220, 7.7945e-07
1.3, 220, 9.7668e-07
1.3, 220, 6.2671e-07
1.3, 240, 1.9019e-06
1.3, 240, 2.4029e-06
1.3, 240, 1.9980e-06
1.3, 240, 2.2516e-06
1.3, 240, 2.0306e-06
1.3, 240, 1.9012e-06
1.3, 240, 2.2557e-06
1.3, 240, 2.6414e-06
1.3, 240, 2.5756e-06
1.3, 240, 1.5750e-06
1.3, 260, 4.6960e-06
1.3, 260, 4.9644e-06
1.3, 260, 4.9630e-06
1.3, 260, 4.2944e-06
1.3, 260, 5.1921e-06
1.3, 260, 4.5200e-06
1.3, 260, 4.9969e-06
1.3, 260, 4.7414e-06
1.3, 260, 4.5597e-06
1.3, 260, 5.2808e-06
1.3, 280, 9.4566e-06
1.3, 280, 8.2423e-06
1.3, 280, 7.7926e-06
1.3, 280, 8.7079e-06
1.3, 280, 8.5248e-06
1.3, 280, 9.9535e-06
1.3, 280, 7.7549e-06
1.3, 280, 7.6829e-06
1.3, 280, 7.9524e-06
1.3, 280, 7.1943e-06
1.3, 300, 1.2031e-05
1.3, 300, 1.3048e-05
1.3, 300, 1.2647e-05
1.3, 300, 1.4424e-05
1.3, 300, 1.2619e-05
1.3, 300, 1.4527e-05
1.3, 300, 1.3463e-05
1.3, 300, 1.1224e-05
1.3, 300, 1.1135e-05
1.3, 300, 1.3916e-05
1.3, 330, 1.8101e-05
1.3, 330, 2.1704e-05
1.3, 330, 2.0994e-05
1.3, 330, 2.0726e-05
1.3, 330, 1.9813e-05
1.3, 330, 2.0401e-05
1.3, 330, 2.0731e-05
1.3, 330, 2.0166e-05
1.3, 330, 2.0090e-05
1.3, 330, 1.8633e-05
1.3, 360, 2.9752e-05
1.3, 360, 2.4796e-05
1.3, 360, 2.7461e-05
1.3, 360, 2.8572e-05
1.3, 360, 2.8998e-05
1.3, 360, 3.0198e-05
1.3, 360, 2.7657e-05
1.3, 360, 2.9018e-05
1.3, 360, 2.7329e-05
1.3, 360, 2.6246e-05
0.85, 220, 3.7937e-07
0.85, 220, 3.0196e-07
0.85, 220, 2.8110e-07
0.85, 220, 3.1408e-07
0.85, 220, 3.1612e-07
0.85, 220, 2.9081e-07
0.85, 220, 2.9009e-07
0.85, 220, 3.1604e-07
0.85, 220, 3.1199e-07
0.85, 220, 2.8807e-07
0.85, 240, 6.9100e-07
0.85, 240, 4.0986e-07
0.85, 240, 6.2237e-07
0.85, 240, 6.6166e-07
0.85, 240, 5.3024e-07
0.85, 240, 5.7756e-07
0.85, 240, 6.9212e-07
0.85, 240, 6.7674e-07
0.85, 240, 3.8935e-07
0.85, 280, 8.1668e-06
0.85, 280, 8.4321e-06
0.85, 280, 8.6956e-06
0.85, 280, 9.3482e-06
0.85, 280, 1.0565e-05
0.85, 280, 1.0030e-05
0.85, 280, 9.9220e-06
0.85, 280, 8.3119e-06
0.85, 280, 8.6805e-06
0.85, 280, 8.6811e-06
0.85, 300, 1.7612e-05
0.85, 300, 1.8864e-05
0.85, 300, 1.9457e-05
0.85, 360, 7.5061e-05
0.85, 360, 6.9187e-05
0.85, 360, 6.5371e-05
0.85, 360, 6.6841e-05
0.85, 360, 6.0248e-05
0.85, 360, 6.6096e-05
0.85, 360, 6.6387e-05
0.85, 360, 6.6234e-05
0.85, 360, 6.4384e-05
0.85, 360, 7.5880e-05
0.9, 220, 2.8303e-07
0.9, 220, 2.7872e-07
0.9, 220, 2.4439e-07
0.9, 220, 2.9334e-07
0.9, 220, 3.1826e-07
0.9, 220, 2.4427e-07
0.9, 220, 2.8939e-07
0.9, 220, 2.4030e-07
0.9, 220, 2.7997e-07
0.9, 220, 2.4943e-07
0.9, 240, 7.5330e-07
0.9, 240, 6.7243e-07
0.9, 240, 1.2629e-06
0.9, 240, 6.7323e-07
0.9, 240, 7.1358e-07
0.9, 240, 6.6548e-07
0.9, 240, 8.2899e-07
0.9, 240, 8.5113e-07
0.9, 240, 8.9921e-07
0.9, 240, 7.4640e-07
0.9, 260, 2.5099e-06
0.9, 260, 3.1715e-06
0.9, 260, 2.2248e-06
0.9, 260, 3.8775e-06
0.9, 260, 3.0475e-06
0.9, 260, 3.4229e-06
0.9, 260, 2.5301e-06
0.9, 260, 2.8801e-06
0.9, 260, 3.4818e-06
0.9, 260, 1.6695e-06
0.9, 300, 1.7857e-05
0.9, 300, 1.8640e-05
0.9, 300, 1.8032e-05
0.9, 300, 1.9439e-05
0.9, 300, 2.0139e-05
0.9, 300, 1.6918e-05
0.9, 300, 2.1253e-05
0.9, 300, 2.2139e-05
0.9, 300, 1.9788e-05
0.9, 300, 1.7995e-05
0.9, 330, 4.0526e-05
0.9, 330, 4.0212e-05
0.9, 330, 3.7322e-05
0.9, 330, 4.0569e-05
0.9, 330, 4.2077e-05
0.9, 330, 4.0379e-05
0.9, 330, 4.4063e-05
0.9, 330, 4.0735e-05
0.9, 330, 3.6380e-05
0.9, 330, 3.7593e-05
0.9, 360, 6.1054e-05
0.9, 360, 6.0915e-05
0.9, 360, 6.2459e-05
0.9, 360, 6.3182e-05
0.9, 360, 6.8166e-05
0.9, 360, 6.7678e-05
0.9, 360, 6.5963e-05
0.9, 360, 6.2571e-05
0.9, 360, 6.9902e-05
0.9, 360, 6.4864e-05
0.95, 260, 4.7743e-06
0.95, 260, 4.2174e-06
0.95, 260, 3.9229e-06
0.95, 260, 4.5105e-06
0.95, 260, 4.1881e-06
0.95, 260, 5.0136e-06
0.95, 260, 4.1318e-06
0.95, 260, 5.1006e-06
0.95, 260, 5.7669e-06
0.95, 260, 4.8781e-06
0.95, 280, 1.1720e-05
0.95, 280, 1.1420e-05
0.95, 280, 1.1145e-05
0.95, 280, 1.1775e-05
0.95, 280, 1.0250e-05
0.95, 280, 1.1072e-05
0.95, 280, 1.1320e-05
0.95, 280, 1.2819e-05
0.95, 280, 1.2116e-05
0.95, 280, 9.1158e-06
0.95, 330, 3.8566e-05
0.95, 330, 3.7970e-05
0.95, 330, 3.7577e-05
0.95, 330, 3.7361e-05
0.95, 330, 3.8330e-05
0.95, 330, 3.8718e-05
0.95, 330, 4.1259e-05
0.95, 330, 4.0896e-05
0.95, 330, 4.0834e-05
0.95, 330, 3.9578e-05
0.95, 360, 6.2918e-05
0.95, 360, 6.1742e-05
0.95, 360, 6.3764e-05
0.95, 360, 6.2827e-05
0.95, 360, 5.8591e-05
0.95, 360, 5.9461e-05
0.95, 360, 6.0346e-05
0.95, 360, 5.9311e-05
0.95, 360, 6.0587e-05
0.95, 360, 6.4637e-05
1.0, 240, 2.6778e-06
1.0, 240, 2.2571e-06
1.0, 240, 2.1392e-06
1.0, 240, 2.5220e-06
1.0, 240, 2.8740e-06
1.0, 240, 2.6961e-06
1.0, 240, 2.8923e-06
1.0, 240, 2.0073e-06
1.0, 240, 2.8999e-06
1.0, 240, 2.7470e-06
1.0, 260, 5.9970e-06
1.0, 260, 7.2381e-06
1.0, 260, 6.1228e-06
1.0, 260, 8.0719e-06
1.0, 260, 7.0150e-06
1.0, 260, 6.5854e-06
1.0, 260, 5.9590e-06
1.0, 260, 5.7545e-06
1.0, 260, 6.3831e-06
1.0, 260, 6.0980e-06
1.0, 280, 1.3611e-05
1.0, 280, 1.2814e-05
1.0, 280, 1.2296e-05
1.0, 280, 1.3186e-05
1.0, 280, 1.1320e-05
1.0, 280, 1.2294e-05
1.0, 280, 1.4711e-05
1.0, 280, 1.5207e-05
1.0, 280, 1.2659e-05
1.0, 280, 1.2104e-05
1.0, 300, 2.1203e-05
1.0, 300, 2.3082e-05
1.0, 300, 2.0930e-05
1.0, 300, 2.0817e-05
1.0, 300, 2.3000e-05
1.0, 300, 2.1895e-05
1.0, 300, 2.3695e-05
1.0, 300, 2.0065e-05
1.0, 300, 2.1741e-05
1.0, 300, 2.0604e-05
1.05, 220, 9.4064e-07
1.05, 220, 9.9395e-07
1.05, 220, 1.2970e-06
1.05, 220, 1.2457e-06
1.05, 220, 1.7155e-06
1.05, 220, 7.9304e-07
1.05, 220, 1.0083e-06
1.05, 220, 9.0206e-07
1.05, 220, 9.1643e-07
1.05, 220, 1.3384e-06
1.05, 260, 7.5624e-06
1.05, 260, 7.6305e-06
1.05, 260, 7.7019e-06
1.05, 260, 8.3136e-06
1.05, 260, 8.6645e-06
1.05, 260, 7.1615e-06
1.05, 260, 7.4716e-06
1.05, 260, 6.7291e-06
1.05, 260, 6.7320e-06
1.05, 260, 7.6518e-06
1.05, 280, 1.4408e-05
1.05, 280, 1.4426e-05
1.05, 280, 1.4699e-05
1.05, 280, 1.3766e-05
1.05, 280, 1.2600e-05
1.05, 280, 1.4184e-05
1.05, 280, 1.5528e-05
1.05, 280, 1.5129e-05
1.05, 280, 1.3826e-05
1.05, 280, 1.3921e-05
1.05, 300, 2.2377e-05
1.05, 300, 2.2479e-05
1.05, 300, 2.3799e-05
1.05, 300, 2.2687e-05
1.05, 300, 2.3220e-05
1.05, 300, 2.3878e-05
1.05, 300, 2.2403e-05
1.05, 300, 2.2669e-05
1.05, 300, 2.1521e-05
1.05, 300, 2.4199e-05
1.05, 330, 3.6489e-05
1.05, 330, 3.8921e-05
1.05, 330, 3.3605e-05
1.05, 330, 3.4914e-05
1.05, 330, 4.0495e-05
1.05, 330, 3.6509e-05
1.05, 330, 3.8943e-05
1.05, 330, 4.1084e-05
1.05, 330, 3.7751e-05
1.05, 330, 4.1233e-05
1.05, 360, 5.9514e-05
1.05, 360, 5.6227e-05
1.05, 360, 5.3502e-05
1.05, 360, 5.8272e-05
1.05, 360, 5.8338e-05
1.05, 360, 5.8165e-05
1.05, 360, 5.7470e-05
1.05, 360, 5.5487e-05
1.05, 360, 5.2118e-05
1.05, 360, 5.5441e-05
1.1, 220, 1.4318e-06
1.1, 220, 1.2037e-06
1.1, 220, 1.4614e-06
1.1, 220, 1.6835e-06
1.1, 220, 1.7597e-06
1.1, 220, 1.8533e-06
1.1, 220, 1.7790e-06
1.1, 220, 1.9175e-06
1.1, 220, 1.4128e-06
1.1, 220, 1.6904e-06
1.1, 240, 5.0630e-06
1.1, 240, 3.5938e-06
1.1, 240, 4.8181e-06
1.1, 240, 3.8730e-06
1.1, 240, 3.8806e-06
1.1, 240, 4.2030e-06
1.1, 240, 4.9874e-06
1.1, 240, 4.0836e-06
1.1, 240, 3.9582e-06
1.1, 240, 3.5078e-06
1.1, 260, 7.8886e-06
1.1, 260, 8.3254e-06
1.1, 260, 8.7064e-06
1.1, 260, 8.1042e-06
1.1, 260, 1.0031e-05
1.1, 260, 7.3425e-06
1.1, 260, 8.4113e-06
1.1, 260, 7.6282e-06
1.1, 260, 8.0601e-06
1.1, 260, 8.8339e-06
1.1, 280, 1.4348e-05
1.1, 280, 1.6865e-05
1.1, 280, 1.4466e-05
1.1, 280, 1.5645e-05
1.1, 280, 1.3852e-05
1.1, 280, 1.2912e-05
1.1, 280, 1.4363e-05
1.1, 280, 1.3742e-05
1.1, 280, 1.3261e-05
1.1, 280, 1.4124e-05
1.1, 360, 4.5669e-05
1.1, 360, 4.8192e-05
1.1, 360, 5.5792e-05
1.1, 360, 4.6822e-05
1.1, 360, 5.0482e-05
1.1, 360, 5.0243e-05
1.1, 360, 4.9123e-05
1.1, 360, 4.8833e-05
1.1, 360, 5.4697e-05
1.1, 360, 5.0206e-05
1.15, 220, 1.5002e-06
1.15, 220, 1.7065e-06
1.15, 220, 1.9077e-06
1.15, 220, 1.3879e-06
1.15, 220, 1.6502e-06
1.15, 220, 1.6189e-06
1.15, 220, 1.7816e-06
1.15, 220, 1.3741e-06
1.15, 220, 1.4666e-06
1.15, 220, 1.7805e-06
1.15, 240, 4.3651e-06
1.15, 240, 4.2215e-06
1.15, 240, 3.9752e-06
1.15, 240, 4.2425e-06
1.15, 240, 3.9471e-06
1.15, 240, 4.8537e-06
1.15, 240, 5.4646e-06
1.15, 240, 3.8433e-06
1.15, 240, 4.3830e-06
1.15, 240, 3.4136e-06
1.15, 260, 9.0902e-06
1.15, 260, 8.1041e-06
1.15, 260, 7.8506e-06
1.15, 260, 8.1385e-06
1.15, 260, 7.9734e-06
1.15, 260, 8.2576e-06
1.15, 260, 8.0896e-06
1.15, 260, 8.5634e-06
1.15, 260, 7.7548e-06
1.15, 260, 7.3170e-06
1.15, 280, 1.3610e-05
1.15, 280, 1.4651e-05
1.15, 280, 1.4357e-05
1.15, 280, 1.5284e-05
1.15, 280, 1.5285e-05
1.15, 280, 1.3626e-05
1.15, 280, 1.1670e-05
1.15, 280, 1.4332e-05
1.15, 280, 1.4029e-05
1.15, 280, 1.3553e-05
1.2, 220, 1.3261e-06
1.2, 220, 1.3151e-06
1.2, 220, 1.3808e-06
1.2, 220, 1.3905e-06
1.2, 220, 1.0983e-06
1.2, 220, 1.6303e-06
1.2, 220, 1.4316e-06
1.2, 220, 1.3984e-06
1.2, 220, 1.4709e-06
1.2, 220, 1.2710e-06
1.2, 240, 3.6442e-06
1.2, 240, 3.9778e-06
1.2, 240, 3.2853e-06
1.2, 240, 4.3553e-06
1.2, 240, 3.6536e-06
1.2, 240, 3.4970e-06
1.2, 240, 4.2103e-06
1.2, 240, 3.4940e-06
1.2, 240, 4.0694e-06
1.2, 240, 3.6738e-06
1.2, 280, 1.2806e-05
1.2, 300, 1.9336e-05
1.2, 300, 1.8742e-05
1.2, 300, 1.7871e-05
1.2, 300, 1.8023e-05
1.2, 300, 1.8998e-05
1.2, 300, 1.9044e-05
1.2, 300, 1.7579e-05
1.2, 300, 1.8618e-05
1.2, 300, 1.8444e-05
1.2, 300, 1.5429e-05
1.2, 360, 3.5003e-05
1.2, 360, 3.9735e-05
1.2, 360, 4.0491e-05
1.2, 360, 4.0164e-05
1.2, 360, 4.0625e-05
1.2, 360, 4.0836e-05
1.2, 360, 3.8032e-05
1.2, 360, 3.6081e-05
1.2, 360, 3.8498e-05
1.2, 360, 3.6451e-05
1.25, 220, 9.4885e-07
1.25, 220, 1.1891e-06
1.25, 220, 8.8838e-07
1.25, 220, 8.3750e-07
1.25, 220, 1.1244e-06
1.25, 220, 1.1003e-06
1.25, 220, 1.2021e-06
1.25, 220, 1.2559e-06
1.25, 220, 9.8480e-07
1.25, 220, 1.3332e-06
1.25, 260, 6.7365e-06
1.25, 260, 6.4174e-06
1.25, 260, 6.7609e-06
1.25, 260, 6.2166e-06
1.25, 260, 6.7013e-06
1.25, 260, 6.0110e-06
1.25, 260, 6.2183e-06
1.25, 260, 6.3122e-06
1.25, 260, 5.9821e-06
1.25, 260, 7.2644e-06
1.25, 280, 1.1122e-05
1.25, 280, 1.1479e-05
1.25, 280, 1.0955e-05
1.25, 280, 1.0171e-05
1.25, 280, 9.9709e-06
1.25, 280, 9.7936e-06
1.25, 280, 1.1746e-05
1.25, 280, 9.7952e-06
1.25, 280, 1.0165e-05
1.25, 300, 1.5115e-05
1.25, 300, 1.5919e-05
1.25, 300, 1.6001e-05
1.25, 300, 1.5047e-05
1.25, 300, 1.5996e-05
1.25, 300, 1.5294e-05
1.25, 300, 1.5965e-05
1.25, 300, 1.6224e-05
1.25, 300, 1.5474e-05
1.25, 300, 1.6179e-05
1.25, 330, 2.2097e-05
1.25, 330, 2.4234e-05
1.25, 330, 2.7870e-05
1.25, 330, 2.4964e-05
1.25, 330, 2.6844e-05
1.25, 330, 2.4915e-05
1.25, 330, 2.6055e-05
1.25, 330, 2.6338e-05
1.25, 330, 2.7013e-05
1.25, 330, 2.3628e-05
1.3, 220, 8.6376e-07
1.3, 220, 6.1148e-07
1.3, 220, 6.0966e-07
1.3, 220, 9.2919e-07
1.3, 220, 3.2780e-07
1.3, 240, 1.9019e-06
1.3, 240, 2.4029e-06
1.3, 240, 1.9980e-06
1.3, 240, 2.2516e-06
1.3, 240, 2.0306e-06
1.3, 240, 1.9012e-06
1.3, 240, 2.2557e-06
1.3, 240, 2.6414e-06
1.3, 240, 2.5756e-06
1.3, 240, 1.5750e-06
1.3, 260, 4.6960e-06
1.3, 260, 4.9644e-06
1.3, 260, 4.9630e-06
1.3, 260, 4.2944e-06
1.3, 260, 5.1921e-06
1.3, 260, 4.5200e-06
1.3, 260, 4.9969e-06
1.3, 260, 4.7414e-06
1.3, 260, 4.5597e-06
1.3, 260, 5.2808e-06
1.3, 280, 9.4566e-06
1.3, 280, 8.2423e-06
1.3, 280, 7.7926e-06
1.3, 280, 8.7079e-06
1.3, 280, 8.5248e-06
1.3, 280, 9.9535e-06
1.3, 280, 7.7549e-06
1.3, 280, 7.6829e-06
1.3, 280, 7.9524e-06
1.3, 280, 7.1943e-06
1.3, 330, 1.8101e-05
1.3, 330, 2.1704e-05
1.3, 330, 2.0994e-05
1.3, 330, 2.0726e-05
1.3, 330, 1.9813e-05
1.3, 330, 2.0401e-05
1.3, 330, 2.0731e-05
1.3, 330, 2.0166e-05
1.3, 330, 2.0090e-05
1.3, 330, 1.8633e-05
