arm,eta,dim,lmin,lmax,nneg,cond,asym,dq,bound_Au,bound_H,bound_M
qeq,5.172,482,1.5304101543518112,531.2509656670514,0,347.12979664726356,1.3011001499779933e-15,3.630012890276646e-08,1.756290364925296,1.6422620233436707,-1.416569760854955
qeq,2.5,482,-1.020775452886135,529.8134803503085,213,nan,1.3011001499779933e-15,2.0611079548649158e-07,-0.9157096350747036,1.6422620233436707,-1.416569760854955
qeq,1.0,482,-2.520403154937766,529.0069860507369,219,nan,1.3011001499779933e-15,2.357964401511481e-08,-2.4157096350747036,1.6422620233436707,-1.416569760854955
qeq,0.3,482,-3.2202561492083066,528.6307393474937,221,nan,1.3011001499779933e-15,7.966014514693143e-09,-3.1157096350747038,1.6422620233436707,-1.416569760854955
qeq,0.05,482,-3.47020650237649,528.496383604787,221,nan,1.3011001499779933e-15,1.4482715915420385e-08,-3.3657096350747038,1.6422620233436707,-1.416569760854955
qeq_gself,5.172,482,1.5311828460712982,540.0157906195213,0,352.67884041745333,8.96077197766017e-16,3.8466249518975815e-08,18.004550336312953,1.6422620233436707,-1.416569760854955
qeq_gself,2.5,482,1.5311734156711396,538.571635777648,0,351.7378438428431,9.99258926249074e-16,3.2204579225592056e-08,15.332550336312954,1.6422620233436707,-1.416569760854955
qeq_gself,1.0,482,1.5311667325043472,537.7614036745407,0,351.2102191477138,1.0683166356854994e-15,3.2204779287781093e-08,13.832550336312954,1.6422620233436707,-1.416569760854955
qeq_gself,0.3,482,1.5311631534678398,537.3834141895597,0,350.9641758113577,1.103918939178221e-15,3.6435962247338693e-08,13.132550336312955,1.6422620233436707,-1.416569760854955
qeq_gself,0.05,482,1.531161791514755,537.2484362580813,0,350.8763340591131,1.117216048554024e-15,2.991197023405334e-08,12.882550336312955,1.6422620233436707,-1.416569760854955
mol,5.172,401,1.6536771354933193,112.39044987647526,0,67.96396192715534,2.658307418341002e-15,7.134919832729736e-08,1.756290364925296,1.6422620233436707,-1.416569760854955
mol,2.5,401,-1.015226396192532,109.71850724906594,208,nan,2.658307418341002e-15,2.368294849119934e-08,-0.9157096350747036,1.6422620233436707,-1.416569760854955
mol,1.0,401,-2.515046936035662,108.21854078406403,219,nan,2.658307418341002e-15,1.957574535804696e-08,-2.4157096350747036,1.6422620233436707,-1.416569760854955
mol,0.3,401,-3.2149878929978146,107.51855677619986,221,nan,2.658307418341002e-15,6.955276803111143e-08,-3.1157096350747038,1.6422620233436707,-1.416569760854955
mol,0.05,401,-3.4649692989557894,107.26856254178364,221,nan,2.624226554003297e-15,1.388442893990316e-08,-3.3657096350747038,1.6422620233436707,-1.416569760854955
samqeq,5.172,401,1.6810453492648552,128.63841468653652,0,76.52286997658446,8.408721266180937e-16,6.748234726572377e-08,18.004550336312953,1.6422620233436707,-1.416569760854955
samqeq,2.5,401,1.6809821824527527,125.96645760862819,0,74.93622414535541,9.786042901796816e-16,5.452931883809242e-08,15.332550336312954,1.6422620233436707,-1.416569760854955
samqeq,1.0,401,1.6809388169429647,124.46648255970962,0,74.04581374714773,1.067974312093062e-15,5.494949073536759e-08,13.832550336312954,1.6422620233436707,-1.416569760854955
samqeq,0.3,401,1.6809160395619378,123.76649442288186,0,73.63038457003275,1.1296356147369912e-15,3.7324920931780525e-08,13.132550336312955,1.6422620233436707,-1.416569760854955
samqeq,0.05,401,1.6809074505587194,123.51649869426606,0,73.48203415554511,1.1191878047877918e-15,6.575819222476298e-08,12.882550336312955,1.6422620233436707,-1.416569760854955
