arm,eta,lmin,cg,qwater,maxnet,qmax,mu,mu_ratio,L1,L2,L3,L4,L5
qeq,5.172,1.53,70,1.4908426984720013,0.2790592886490001,1.35967784135,2.446919221428654,1.041866876741054,0.029531582360541608,-0.2919984393908399,0.39807828399344514,0.94560717097322,-2.5720612964433696
qeq,2.5,-1.02,593,-3.8466738899929993,0.42761325715599996,1.65208304724,2.2641837129819513,0.9640604367949506,-15.412643027751079,29.61442777675395,-5.4323722656641005,-27.403072306231696,22.480333712860123
qeq,1.0,-2.52,338,1.2891162436809998,0.4899926062719999,1.36060807302,2.468013282100593,1.0508484577093165,-2.0858047620776006,2.8883060404410994,1.2057650852359996,-2.7389726337671694,-0.5584099735183865
qeq,0.3,-3.219,368,1.5065425876440006,0.27311265229799986,1.35949971497,2.448597212055928,1.0425813436669453,-1.9266234533642348,2.378110532567612,1.4678322240207697,-2.02252959875196,-1.4033322921489997
qeq,0.05,-3.469,541,1.6048576996559998,0.23184150017100003,1.35948322267,2.455406023411075,1.0454804483692102,-1.9873040742720556,2.361901248999974,1.612295644921584,-1.9223443992822804,-1.6694061199962398
qeq_gself,5.172,1.531,58,0.8917003141190003,0.26685856996799995,1.35972689596,2.424213788480978,1.032199194088074,0.0008246477322252006,0.06047808761635899,0.06718719219267202,-0.20064579747426908,-0.819544444139554
qeq_gself,2.5,1.531,60,0.9289573060299994,0.2679672916379999,1.35972328825,2.4256120662358454,1.03279456285404,-0.00752852300291895,0.06589428164885303,0.09553655678279997,-0.1853491974194647,-0.8975104240399348
qeq_gself,1.0,1.531,59,0.9532056027169997,0.2686624543070001,1.35972099549,2.42652324875413,1.0331825327045168,-0.0134697476235632,0.06831402247482198,0.11495462721008999,-0.17260344589855897,-0.9504010588804812
qeq_gself,0.3,1.531,59,0.9655451509899998,0.26900825451300003,1.35971984346,2.4269872716938354,1.0333801077313887,-0.016592810681644997,0.06916231342825298,0.12508014861577,-0.16522860809575698,-0.977966194202863
qeq_gself,0.05,1.531,60,0.970130442406,0.269135385934,1.35971941478,2.4271597570786154,1.033453549799909,-0.017765044522317995,0.06940691536412402,0.12887968211277998,-0.162331085413801,-0.988320909959613
mol,5.172,1.654,41,-1.0004774786409598e-12,5.000166947155549e-12,1.28478759223,2.3549572952243714,1.002710665945666,-0.041450966853097605,0.09163645724236073,0.10656712413999339,-0.526237671569314,0.3694850570403848
mol,2.5,-1.015,309,-1.200051169547578e-11,5.000000413701855e-12,3.00507413267,2.421812189512482,1.0311766239947995,-1.3689979764652027,2.6282994083693003,-0.5139218388989109,-2.2009066022152113,1.4555270092120987
mol,1.0,-2.515,154,2.100047913344838e-11,5.0001114360043175e-12,1.29087669731,2.3602148607526194,1.0049492700353337,0.5691321744419009,-0.794532626350782,-0.32890489180793403,0.9035485019520902,-0.3492431582380811
mol,0.3,-3.215,159,2.4999113890089575e-11,5.0001114360043175e-12,1.34461533272,2.348101269058538,0.9997914577814988,0.4296310111234927,-0.53627076321317,-0.32249695020701974,0.5806978436279298,-0.15156114133089943
mol,0.05,-3.465,190,1.999345133896213e-12,5.0001114360043175e-12,1.2942429017,2.3541688968813155,1.002374976025004,0.3958691663975309,-0.47596164367366006,-0.31569446315429983,0.5012866068127502,-0.10549966638341994
samqeq,5.172,1.681,31,1.3000267529150733e-11,5.0001114360043175e-12,1.28142145188,2.3505584718523718,1.0008377032717102,0.007893874187414227,0.0016200576638223992,-0.03388886985054851,-0.07880051869734506,0.10317545669652316
samqeq,2.5,1.681,33,2.000088983322712e-11,5.0001114360043175e-12,1.28162132101,2.3507703661431165,1.0009279251478407,0.0086461274085596,0.00453044242597515,-0.0354972280034771,-0.09178455355599931,0.11410521172480201
samqeq,1.0,1.681,34,2.0999424421574986e-11,5.0001114360043175e-12,1.28175371225,2.3509137439753904,1.000988973593166,0.008936683690674395,0.006743263363294794,-0.0362402004585815,-0.10101790936713102,0.1215781627716491
samqeq,0.3,1.681,35,-3.499922573979575e-11,5.000000413701855e-12,1.28182166222,2.3509883104912643,1.0010207230609551,0.0090149465439605,0.0079698243325356,-0.03651118906562511,-0.105964310861404,0.12549072905052408
samqeq,0.05,1.681,34,-5.900097077571331e-11,5.0001114360043175e-12,1.28184704038,2.3510162896350817,1.0010326362221775,0.009031263039150098,0.008443146476301002,-0.0365920584990898,-0.1078458478079963,0.12696349679173796
