arm,eta,z,E,law,dev_meV,z0,rms_meV,Q_density_pair,Q_density_w,Q_sites
gself,5.172,2.0,-2.79436699587663,-4.08000435472858,1285.6373588519493,0.20800000000000002,22.85965167740758,-1.0897762253109695,-1.215047651864101,-1.2150480711764837
gself,5.172,2.5,-2.56913347045126,-3.2006305380896034,631.4970676383433,0.20800000000000002,22.85965167740758,-1.1041338790516055,-1.2225416602638846,-1.2225420380137562
gself,5.172,3.0,-2.3431702721577,-2.6344790995221135,291.30882736441333,0.20800000000000002,22.85965167740758,-1.1142934045160209,-1.227201111676291,-1.2272014564584368
gself,5.172,4.0,-1.91817842064668,-1.945152939616402,26.974518969721917,0.20800000000000002,22.85965167740758,-1.1259499786644822,-1.2316533678285868,-1.231653669842022
gself,5.172,5.0,-1.56690941726308,-1.5369296845059879,-29.979732757092094,0.20800000000000002,22.85965167740758,-1.1308639383259969,-1.2330209871132074,-1.2330212682804564
gself,5.172,6.0,-1.29169205707371,-1.2628732404254008,-28.81881664830921,0.20800000000000002,22.85965167740758,-1.1326889331290138,-1.233259951997565,-1.2332602239353017
gself,5.172,8.0,-0.910504711753107,-0.9069131568483451,-3.591554904761929,0.20800000000000002,22.85965167740758,-1.1334505049753416,-1.2332514144137459,-1.233251681901281
gself,5.172,10.0,-0.658528267186704,-0.6718532698269295,13.325002640225513,0.20800000000000002,22.85965167740758,-1.1335004962125994,-1.2333698043604084,-1.2333700722136762
gself,5.172,12.0,-0.470200036191626,-0.49229061889184156,22.090582700215577,0.20800000000000002,22.85965167740758,-1.1335003497012663,-1.2332513060254393,-1.2332515732242042
gself,0.3,2.0,-3.02036779711391,-4.6941086130711,1673.7408159571899,0.443,27.18536048144603,-1.1242134752843533,-1.2369542934420272,-1.2369546348115874
gself,0.3,2.5,-2.7708592326998,-3.5675335774952988,796.6743447954987,0.443,27.18536048144603,-1.1376977053066417,-1.2403352326444204,-1.2403355147538913
gself,0.3,3.0,-2.51975936932991,-2.8798353892031674,360.07601987325756,0.443,27.18536048144603,-1.1471389286462426,-1.2417517672176368,-1.2417520025773365
gself,0.3,4.0,-2.04804732393866,-2.0796010525288304,31.553728590170582,0.443,27.18536048144603,-1.1578318987188227,-1.2420207266484056,-1.242020901674799
gself,0.3,5.0,-1.66032480163762,-1.624051894235059,-36.272907402560946,0.443,27.18536048144603,-1.1622601311255818,-1.2413610692512496,-1.2413612150278626
gself,0.3,6.0,-1.35976851818688,-1.3256979771963384,-34.07054099054152,0.443,27.18536048144603,-1.163862908306573,-1.2407084303476712,-1.2407085632485197
gself,0.3,8.0,-0.950674039431254,-0.9470681229791907,-3.605916452063207,0.443,27.18536048144603,-1.1645149890499662,-1.2402722644595687,-1.2402723911782443
gself,0.3,10.0,-0.686239399063958,-0.7024171592196917,16.17776015573369,0.443,27.18536048144603,-1.1645761771070569,-1.2404235217402142,-1.2404236489416585
gself,0.3,12.0,-0.491923941855525,-0.5181418179547866,26.217876099261627,0.443,27.18536048144603,-1.164557707306176,-1.24024429999784,-1.240244426314886
nogself,5.172,2.0,-4.41146997733613,-12.691146742883411,8279.676765547283,1.427,65.14210642381171,-1.103913036008316,-0.9512783254639043,-0.9512772042756943
nogself,5.172,2.5,-4.02654298118359,-6.838481419491589,2811.9384383079982,1.427,65.14210642381171,-1.095967477380333,-0.8851548146714602,-0.8851533737256607
nogself,5.172,3.0,-3.62519497077603,-4.703735462777398,1078.540492001368,1.427,65.14210642381171,-1.088647875311297,-0.8324288732538844,-0.8324271830264777
nogself,5.172,4.0,-2.85397137920578,-2.9189431884537678,64.97180924798762,1.427,65.14210642381171,-1.0778717611238322,-0.7636232258392804,-0.7636212173854868
nogself,5.172,5.0,-2.22258415900467,-2.1271098778620177,-95.47428114265256,1.427,65.14210642381171,-1.0719682793593925,-0.7298639131348575,-0.7298617521066904
nogself,5.172,6.0,-1.75322864039409,-1.6750536329164512,-78.17500747763884,1.427,65.14210642381171,-1.0690778487074675,-0.7148804755034363,-0.71487824832061
nogself,5.172,8.0,-1.16449109267153,-1.1652549747349903,0.7638820634603416,1.427,65.14210642381171,-1.0675992263094891,-0.7076701071473006,-0.7076678486362868
nogself,5.172,10.0,-0.82481270736332,-0.8690303513490657,44.21764398574568,1.427,65.14210642381171,-1.0677979839585154,-0.7082380737902852,-0.7082358172712898
nogself,5.172,12.0,-0.596698232382662,-0.6603941857057597,63.69595332309774,1.427,65.14210642381171,-1.0675009912531213,-0.707194067432304,-0.7071918068565053
nogself,0.3,2.0,-4.88207755905422,-10.905137948780109,6023.060389725889,1.344,18.248608736678523,-1.6594940388548505,-2.5435085931231054,-2.5435130656643183
nogself,0.3,2.5,-4.22847758133743,-6.157763023104007,1929.2854417665772,1.344,18.248608736678523,-1.7371719340666283,-2.7378559393881363,-2.7378610376721393
nogself,0.3,3.0,-3.6186058868312,-4.275261335022448,656.6554481912483,1.344,18.248608736678523,-1.796352614277163,-2.887524784871175,-2.887530368745236
nogself,0.3,4.0,-2.61402322848975,-2.6322005386746246,18.17731018487434,1.344,18.248608736678523,-1.8700856355136608,-3.0760493341701722,-3.076055534391252
nogself,0.3,5.0,-1.91720991820006,-1.8818354149025307,-35.37450329752922,1.344,18.248608736678523,-1.9044887714552048,-3.165088106394353,-3.165094600142352
nogself,0.3,6.0,-1.45596407771168,-1.44723543754646,-8.728640165220014,1.344,18.248608736678523,-1.9190458702183906,-3.2032886498279183,-3.203295270682034
nogself,0.3,8.0,-0.935543260912971,-0.9514159218335925,15.87266092062145,1.344,18.248608736678523,-1.9258483923922645,-3.221330116874908,-3.221336798178506
nogself,0.3,10.0,-0.651038023163121,-0.6604026143431863,9.364591180065274,1.344,18.248608736678523,-1.925490832258573,-3.220193231462876,-3.220199908546165
nogself,0.3,12.0,-0.453469499068228,-0.4541580802454171,0.6885811771891182,1.344,18.248608736678523,-1.9262867371835344,-3.2224904981394014,-3.222497183326189
