arm,eta,dchi,qwater,maxnet
qeq,5.172,-2.0,3.9271646235599995,0.39049659348
qeq,5.172,-1.0,2.709003669757001,0.33477793941799994
qeq,5.172,-0.5,2.0999231857750003,0.306918612298
qeq,5.172,0.0,1.4908426984720013,0.2790592886490001
qeq,5.172,0.5,0.8817622316500002,0.2511999596739999
qeq,5.172,1.0,0.2726817568619992,0.22334063312099994
qeq,5.172,2.0,-0.9454791857539993,0.18820963345699993
qeq_gself,5.172,-2.0,2.2596970834270005,0.33261791293699994
qeq_gself,5.172,-1.0,1.575698696817,0.29973824168099994
qeq_gself,5.172,-0.5,1.233699511597,0.28329840639899984
qeq_gself,5.172,0.0,0.8917003141190003,0.26685856996799995
qeq_gself,5.172,0.5,0.5497011299949996,0.25041873700999995
qeq_gself,5.172,1.0,0.2077019323990003,0.23397890153699996
qeq_gself,5.172,2.0,-0.47629645366399925,0.20109922767400001
qeq_gself,0.05,-2.0,2.4705898608009997,0.340781760975
qeq_gself,0.05,-1.0,1.7203601669950008,0.30495857438200014
qeq_gself,0.05,-0.5,1.345245301421,0.2870469843489999
qeq_gself,0.05,0.0,0.970130442406,0.269135385934
qeq_gself,0.05,0.5,0.5950155900180009,0.25122379146599993
qeq_gself,0.05,1.0,0.21990073926699943,0.23331219641700007
qeq_gself,0.05,2.0,-0.5303289774289993,0.19748900085499987
samqeq,5.172,-2.0,1.3000267529150733e-11,5.0001114360043175e-12
samqeq,5.172,-1.0,1.3000267529150733e-11,5.0001114360043175e-12
samqeq,5.172,-0.5,1.3000267529150733e-11,5.0001114360043175e-12
samqeq,5.172,0.0,1.3000267529150733e-11,5.0001114360043175e-12
samqeq,5.172,0.5,1.3000267529150733e-11,5.0001114360043175e-12
samqeq,5.172,1.0,2.0001222900134508e-12,5.0001114360043175e-12
samqeq,5.172,2.0,2.0001222900134508e-12,5.0001114360043175e-12
