Density,Temperature,thermoValue
0.85,220,7387.32
0.85,220,7469.74
0.85,220,7246.02
0.85,220,7271.89
0.85,220,7457.15
0.85,220,7387.82
0.85,220,7272.61
0.85,220,7403.97
0.85,220,7463.91
0.85,220,7283.65
0.9,220,7293.77
0.9,220,7105.97
0.9,220,7210.90
0.9,220,7185.53
0.9,220,7233.22
0.9,220,7329.06
0.9,220,7155.27
0.9,220,7031.38
0.9,220,7114.67
0.9,220,7126.52
0.95,220,7144.18
0.95,220,7188.68
0.95,220,7286.65
0.95,220,7266.09
0.95,220,7291.49
0.95,220,7301.70
0.95,220,7325.12
0.95,220,7201.86
0.95,220,7290.56
0.95,220,7140.43
1.0,220,7388.38
1.0,220,7425.20
1.0,220,7541.58
1.0,220,7526.70
1.0,220,7479.28
1.0,220,7585.10
1.0,220,7589.56
1.0,220,7575.66
1.0,220,7505.97
1.0,220,7459.30
1.05,220,7670.49
1.05,220,7749.39
1.05,220,7565.48
1.05,220,7636.98
1.05,220,7686.20
1.05,220,7636.50
1.05,220,7486.59
1.05,220,7603.37
1.05,220,7630.01
1.05,220,7566.24
1.1,220,7575.01
1.1,220,7711.06
1.1,220,7734.80
1.1,220,7656.40
1.1,220,7661.01
1.1,220,7602.48
1.1,220,7666.63
1.1,220,7654.00
1.1,220,7671.41
1.1,220,7617.83
1.15,220,7407.23
1.15,220,7594.13
1.15,220,7552.30
1.15,220,7575.35
1.15,220,7555.64
1.15,220,7623.00
1.15,220,7488.67
1.15,220,7549.33
1.15,220,7323.80
1.15,220,7473.67
1.2,220,7331.80
1.2,220,7328.74
1.2,220,7411.38
1.2,220,7282.43
1.2,220,7321.39
1.2,220,7368.74
1.2,220,7377.35
1.2,220,7347.09
1.2,220,7295.57
1.2,220,7326.17
1.25,220,7141.25
1.25,220,6990.56
1.25,220,7082.91
1.25,220,7175.24
1.25,220,7154.17
1.25,220,7165.71
1.25,220,7262.95
1.25,220,7185.62
1.25,220,7195.71
1.25,220,7111.33
1.3,220,6809.83
1.3,220,6867.34
1.3,220,6770.62
1.3,220,6855.66
1.3,220,6795.14
1.3,220,6779.37
1.3,220,6877.34
1.3,220,6740.89
1.3,220,6773.65
1.3,220,6808.00
