Energy,XFEL Harm,Fund Sq,Bin 1,Bin 1 err,Bin 3,Bin 3 err,Bin 5,Bin 5 err,Bin 7,Bin 7 err,Bin 9,Bin 9 err,Bin 11,Bin 11 err,Bin 13,Bin 13 err,Bin 15,Bin 15 err
0.000000000000000000e+00,0.000000000000000000e+00,0.000000000000000000e+00,1.284785715974407038e+06,1.284785715974407038e+06,8.232755802503426373e+07,8.232755802503426373e+07,9.606711331724298000e+08,9.606711331724298000e+08,5.875791468208084106e+09,5.875791468208084106e+09,1.754446257767226028e+10,1.754446257767226028e+10,4.465284850497289276e+10,4.465284850497289276e+10,8.125456113443601990e+10,8.125456113443601990e+10,1.230297922702534027e+11,1.230297922702534027e+11
1.042900754648922202e+03,2.280668270223906724e+00,4.450837425966329419e-02,-1.693576009125613568e+00,2.623604830644693298e+00,-9.108609066718424963e-01,7.868226151958122028e-01,-1.695241689928546902e-01,9.532138285080581364e-01,-9.361649776257854327e-01,6.204809055647715343e-01,8.572647506633338521e-01,6.470230491076851553e-01,-5.645247540563058664e-02,8.605760919124290087e-01,-1.787435701550362521e-01,1.338184476536285139e+00,1.315673123277639744e+00,1.499788254332501403e+00
1.043458395721654369e+03,2.892023439367811477e+00,4.450837425966329419e-02,-1.006840173122059090e+00,4.576304248233424410e+00,2.808890819547102957e-01,1.064271075157596558e+00,2.047789049736040423e-01,1.058511592396338408e+00,-4.364208882098187803e-01,7.166296609793179062e-01,8.682762003106860860e-01,5.860249464252547114e-01,-6.453109809147743008e-03,1.067676251792800235e+00,1.386802468563400337e-01,2.378693776462270204e+00,1.417985884113451389e+00,1.274407555272094372e+00
1.044016542593520398e+03,3.496831517328332417e+00,4.450837425966329419e-02,-1.540733834239767786e-01,3.155083233461212000e+00,5.144770175668638146e-01,2.411252191193868022e+00,9.968143616525241280e-01,1.823791297026566838e+00,-2.669947961114693125e-01,5.770826345685868830e-01,1.043433487408928828e+00,9.409123922443050070e-01,-1.490806211491803313e-01,1.496214408606715063e+00,2.123634621173581538e-01,2.185247045152496792e+00,2.121604174407771382e+00,1.407121808173858568e+00
1.044575195952997774e+03,4.215201459182233101e+00,4.450837425966329419e-02,-8.477822523415327882e-02,2.831651200480046704e+00,-4.818692294194241305e-02,7.820971268853482705e-01,4.439700907020703302e-01,1.675892252322289222e+00,5.368631323176425996e-01,2.283964182272344878e+00,1.671325377956704328e+00,1.092545035365854345e+00,2.046709381963006391e-01,2.082985158605103138e+00,-4.932924820547152645e-01,2.463464801525863113e+00,-1.473493196670207395e+00,8.585434585309479338e-01
1.045134356489814081e+03,5.025035319456451433e+00,4.714978773268406476e-02,-7.817549051420918937e-01,2.928706891574315296e+00,4.178870027171057155e-01,8.916906318919950447e-01,5.430879873117143708e-01,3.923669585547457372e-01,-7.267691299337180055e-01,1.429866883276824208e+00,2.219417341024950030e+00,1.360825372142673739e+00,6.512340934568285888e-01,1.771269319212186888e+00,2.441047718154412960e-01,3.408818047191088052e+00,-3.196918324972635617e+00,1.043611580247599369e+00
1.045694024894949507e+03,5.940079050619742951e+00,7.571062181282102455e-02,-1.038775559312010710e+00,2.639575916314232717e+00,2.402532858803925198e+00,2.031510023137321319e+00,9.664856669943766576e-02,3.008202366166428665e-01,4.629321510394278083e-01,6.624782733420978564e-01,1.031718065159245468e+00,6.557246762963120368e-01,-6.621157637192946754e-02,2.189896789176986491e+00,-5.381263477376947435e-01,2.098120655892030229e+00,-6.341226883115766100e+00,3.328005379199106883e+00
1.046254201860640478e+03,6.935478947139394279e+00,1.182349186430772525e-01,-5.809819332135763847e-01,2.771025900502001260e+00,1.557684137617814102e+00,2.819296993934155449e+00,1.428987513078136429e+00,1.195371249716321138e+00,1.521669900248103779e+00,1.437977114830816694e+00,2.164889838256816856e-01,1.351897792972985402e+00,-5.411392619049225639e-01,2.563411776568279787e+00,-2.167739192127513093e+00,1.194980655150709836e+00,-6.134232531155120682e+00,2.657269865025069677e+00
1.046814888080381479e+03,7.968325369941632985e+00,1.790406533998491201e-01,-1.681827431233890557e+00,1.576867002958753261e+00,2.520306760876505625e-01,3.095722926219726112e+00,6.503426866167073550e-01,2.818890584823168233e+00,1.637820929640323442e+00,9.289886451055421324e-01,1.079064114116219386e+00,1.249309656038854577e+00,1.656380983919767402e-01,1.773356511942565383e+00,-1.563349445323694908e+00,9.563641506767820433e-01,-5.619968756940077803e+00,3.191353410382212541e+00
1.047376084248928464e+03,9.103596513409543789e+00,2.623440833221226676e-01,1.188811719737582040e+00,3.264289839164887130e+00,6.281026715607135325e-01,1.542542286695989695e+00,2.268473312806200681e-01,1.170236941550052645e+00,-3.184795189696879025e-01,5.165448500883521588e-01,1.230017668749332271e+00,2.632791483858265558e+00,2.702454145533176866e-01,2.400820548019704681e+00,-1.388726171332192338e+00,1.225573060161732064e+00,-7.466214123785396062e+00,3.217643906355889705e+00
1.047937791062302267e+03,1.027841817311797712e+01,3.777857102655556853e-01,-1.536015857133794960e+00,1.895562290111609594e+00,2.514481367882369423e+00,4.644345029084382404e+00,-5.829450354465729595e-02,1.322804135224911748e-01,1.074235953187413911e-01,2.299219873504240397e+00,1.892586883417022081e+00,1.928854133327086107e+00,2.479679448645342177e-01,3.605391866992068373e+00,-2.447753398878044495e-01,1.967778306190699045e+00,-4.223147709908796621e+00,1.986798395711815823e+00
1.048500009217790875e+03,1.167157417281888954e+01,5.383551755081062984e-01,-4.849393381822244553e-01,1.821145885407245535e+00,2.367454891540250461e+00,3.849666090877036595e+00,1.551719919879583243e+00,5.643176887327802094e-01,8.695163752116918943e-01,3.988908071597261795e+00,1.584715378382287154e+00,2.973169272136034547e+00,-1.619281207286083768e-01,4.665688341693347674e+00,-2.163428087100361719e+00,1.933816710015270779e+00,-3.288973548984756690e+00,3.528194376623868145e+00
1.049062739413952158e+03,1.312051788981505851e+01,7.667635167912514316e-01,6.255657854246970961e-01,2.998098082746495585e+00,4.562781534927334626e+00,1.804258699265413712e+00,5.609034441491745904e-01,1.260627343902981812e+00,4.017007005644520068e-01,2.389998664926882732e+00,9.998324357851208211e-01,3.738012554737868864e+00,9.019061724957093407e-02,3.603386034583692776e+00,-1.902483962734976330e+00,1.116434558725488690e+00,-3.731299811844488890e+00,1.411752336345140302e+00
1.049625982350616823e+03,1.467632078453665834e+01,1.076252361327887375e+00,-1.137682904840839199e-01,2.302343161565084895e+00,6.546715799513710188e+00,2.798101802731419063e+00,3.358943749334923012e+00,2.994019903144943040e+00,-8.523177328732293168e-01,2.388044909822022888e+00,8.929680170790609273e-01,2.415943121377354785e+00,5.625365969586842985e-01,2.724927728126080861e+00,2.454277224953405889e-01,1.193267617430683547e+00,1.252257641236819152e+00,3.761374161829828200e+00
1.050189738728891825e+03,1.630791226740137034e+01,1.500960239528819518e+00,9.593870659471814832e-02,2.392955178894668578e+00,9.239536799509634690e+00,1.167900202760253636e+00,7.191538382989432598e+00,2.281158762812777852e+00,-1.195634119669044537e+00,1.908366138210537244e+00,1.735227864495665129e+00,1.515660346803995528e+00,3.483171111569589584e-01,2.682908543143292412e+00,6.030415890086070485e-01,1.804683993329708747e+00,-1.012348717112549368e+00,3.907975736321366078e+00
1.050754009251162870e+03,1.820984657826225117e+01,2.087532828603642532e+00,-1.980598425732033263e+00,1.484139886098043037e+00,5.984142432746817342e+00,2.873497352994979437e+00,6.669958362591944301e+00,2.040337655224228275e+00,3.419691466194431650e-01,1.047586929379484832e+00,2.327143280745881671e-01,1.494303613670124653e+00,-3.819890667976579834e-01,3.393170655484528453e+00,1.034983532639008219e+00,1.673994509512396478e+00,1.980751804571430699e-02,3.890705965647796916e+00
1.051318794621097140e+03,2.022244004213799329e+01,2.890945539936510045e+00,-1.425332990585496562e+00,1.916917489755667781e+00,5.659692240872620239e+00,2.245932865209204543e+00,3.551757916906085999e+00,1.512874378887217208e+00,1.301010299811911297e+00,3.248522214632210137e+00,-4.317485273453461336e-01,1.694053307498772698e+00,-1.073838632572820417e+00,3.441827031014780047e+00,-1.117690179874453404e+00,2.488187777579271120e+00,-2.359580725269921686e+00,7.026940142110234433e+00
1.051884095543646481e+03,2.233874447855171397e+01,3.974515757972760355e+00,1.079509348735046670e+00,2.375170445973188826e+00,5.677165413806221750e+00,5.628927483341029658e-01,1.282342268058715318e+00,7.283446609516261994e-01,1.120961997937269361e+00,3.043003343454677267e+00,3.232361502978449153e-01,2.437883600621672198e+00,-2.035078273805055460e-01,5.022487197209119181e+00,-3.519837800360193114e+00,1.427890064455394903e+00,2.925751520545096351e+00,4.165658075742554090e+00
1.052449912725050808e+03,2.448560431226548673e+01,5.427105413518312993e+00,-9.485780127605902834e-01,1.412685646448203824e+00,7.117267208500418718e+00,3.396832926837285882e+00,2.801542217217603881e+00,3.155632523554674052e+00,-2.027604419970769012e+00,4.298954456492783294e+00,2.486882417675597257e+00,4.259849665221188353e+00,-1.662236009082344312e-01,4.329055672902707208e+00,3.999147529260180245e-01,2.997665016329588816e+00,7.041787521098020752e-01,4.455309891656225041e+00
1.053016246872840611e+03,2.684148180406349482e+01,7.326628350038207671e+00,-5.420129305510200668e-01,2.414622547083640214e+00,5.337664777681093931e+00,2.572474139366565549e+00,3.419963808281077267e+00,4.520674861998101868e+00,-4.795656420388875740e-01,6.852955916388392410e+00,2.473383849375380805e+00,3.600768525555630983e+00,7.921474644094198547e-01,2.987266964344585496e+00,7.458304857972374302e-01,2.289122535104786138e+00,3.653609481616039378e+00,5.899371908034087397e+00
1.053583098695838999e+03,2.923300264915647517e+01,9.655876670241106297e+00,-5.133266692427085331e-03,2.477695079945218204e+00,8.674216985512946954e-01,1.766604131199806638e+00,2.126193003324061692e-01,4.063302510253457456e+00,-2.759662149174943124e+00,7.001992299909158390e+00,2.999071282475066713e+00,1.563560270204458202e+00,6.972429601569652968e-01,1.938564096857325003e+00,2.038397963927858658e+00,1.403003824495656859e+00,3.034327954372126324e-01,7.580143526798977405e+00
1.054150468904166019e+03,3.172011240859326264e+01,1.228470774239665531e+01,-1.244484892515837382e+00,2.845464733969554683e+00,5.378454529725225086e-01,3.362106277099255358e+00,-1.728447554553819432e-01,8.674469238793305337e+00,-7.553205328158251186e-01,8.677886743916044310e+00,2.367881968102343304e+00,3.132334050218252841e+00,1.011077765604966316e-01,3.148947218037994489e+00,2.045428389953912074e+00,5.339852280638074156e+00,1.572393292197356685e+00,4.007937955368815253e+00
1.054718358209241387e+03,3.433649048119730907e+01,1.526206024534297434e+01,-1.016011356371363972e+00,5.347994476347820658e+00,3.012725229094012747e+00,8.540579615847803119e-01,1.753952028926915263e+00,5.577618859320472744e+00,1.181723881705934787e+00,1.113371904242261401e+01,1.780584066289823797e+00,3.764089936000577730e+00,-3.108171794843040292e+00,2.423973357169344478e+00,1.579589874104755154e+00,2.559918578746368745e+00,5.427037742266880294e+00,6.468574319945950890e+00
1.055286767323786762e+03,3.709574105511847364e+01,1.864989425199916440e+01,-6.767497061930356494e-01,5.168557323915847768e+00,3.757591137202183518e+00,1.965297658189235186e+00,1.840951570871496301e+00,7.896380531558539140e+00,1.362279884526008233e+00,8.764602336610339606e+00,5.082077655103394598e+00,1.817942429436661733e+00,-3.871703840776073324e+00,4.333682265891797947e+00,-1.645636785321812567e+00,1.978281175281970672e+00,-1.337173888946191935e+00,9.988670758561767116e+00
1.055855696961829153e+03,3.993350485824601037e+01,2.264467065368179632e+01,-1.982586858826557608e+00,3.282275745071402628e+00,1.150334636021935752e+00,7.152605191651579819e-01,1.323646970569373194e+00,4.542188487439658751e+00,7.979955294387792719e-01,9.508620518216144291e+00,8.503440364008175711e-01,3.028858013894267565e+00,-7.044976292218374958e+00,4.639148804546215032e+00,-5.005050189358352775e+00,4.878273031689895234e+00,-8.069510025819417010e+00,3.996702801490542356e+00
1.056425147838704561e+03,4.289404866368492719e+01,2.749393732799597956e+01,9.127970582055416893e-01,4.969057897903724097e+00,3.921736009354535923e+00,1.006764281797541738e+00,3.711996179829481601e+00,7.036847785109224596e+00,6.926060515318775979e-01,1.416523096013162686e+01,5.429900970727506992e-01,1.217111741493527965e+00,-8.054287963455777799e+00,6.203596667878940707e+00,-4.656297897657093010e+00,3.532109154574786913e+00,-1.754928825038045259e+00,2.899221480443343602e+00
1.056995120671059794e+03,4.588543485272906963e+01,3.320330346801315358e+01,5.576133151045675751e-01,4.706295897114742388e+00,3.500808562211684460e+00,1.384622840821705836e+00,4.474848417088860053e+00,3.752022465193079803e+00,9.251569881381129790e-01,1.437319134417419875e+01,2.578011475218195070e+00,2.102843758230448667e+00,-5.851822866801910550e+00,7.235272170857800056e+00,-2.705172309559145560e+00,6.439779890449267574e-01,-1.772502095008235301e+00,2.837477470238773947e+00
1.057565616176855656e+03,4.894128577270716818e+01,4.011366469470361551e+01,-8.609741825428769424e-01,1.924609778709571950e+00,1.713444214982517311e+00,2.712981081385326121e+00,2.730186145681066989e+00,5.430644743334289259e+00,5.415398897665587574e-01,6.375162775548117722e+00,5.114323821485602828e+00,3.226239119986558546e+00,-4.847691283588498656e+00,8.110658396043772811e+00,-2.355684423855393561e+00,2.643369385261077120e+00,-2.139490083101615259e+00,1.680906805756652966e+00
1.058136635075371260e+03,5.163306344599314457e+01,4.774629683372726419e+01,-5.671224848532415708e-01,4.020182405572140460e+00,2.167124949916172216e+00,5.636514657436247688e+00,1.697931974656166743e+00,3.275275347982328000e+00,4.254564015497663831e+00,8.888391106197616409e+00,7.004561302335076789e+00,4.918221785538708701e+00,-3.872952219265092477e+00,8.478984621548409706e+00,-1.011791940949080981e+00,4.264286036825653881e+00,-8.949620092777498925e+00,5.385251542656845025e+00
1.058708178087205397e+03,5.431084967250173179e+01,5.582740074225846172e+01,-5.008869897582624020e-02,6.425923819816961036e+00,-1.097596748057747762e+00,2.729330406536723874e+00,-2.861826450371779629e+00,6.458236966771960574e+00,3.682884969091778427e+00,8.301085707177964679e+00,5.734051994434063992e+00,7.576889241768753003e+00,1.190701881941587770e+00,1.034329529729317088e+01,1.858272532615994121e+00,4.844815539663566817e+00,-5.733499186800865566e+00,6.008982072692391263e+00
1.059280245934280401e+03,5.685765604101263193e+01,6.352756842173397445e+01,-2.778489824059574009e-01,3.119145098269946015e+00,-5.145398117961218709e+00,2.054370599243076523e+00,-4.510750383808248110e+00,7.490460415007858863e+00,6.112574357173760298e+00,8.436303301604805682e+00,4.445657156060216941e+00,9.715627336081976040e+00,-1.648826263561337102e+00,1.307760491145916681e+01,1.442768717843989634e+00,7.721931762947668254e+00,-5.336730705658908391e+00,5.278718368280501672e+00
1.059852839339845104e+03,5.892133652481725647e+01,7.021557682064474193e+01,9.290125799397085382e-01,5.789306576678898253e+00,-4.069752084172436390e+00,6.446911144398359106e+00,-8.607926676773587360e-01,9.648869296663113104e+00,3.450279587002038628e+00,1.209458672899093834e+01,8.322338180229754911e+00,7.978131502792227714e+00,-5.376469002423239552e+00,1.420020428258889744e+01,-1.827702105194248361e+00,2.534497696763788888e+00,-5.505282142322148964e+00,5.863247694826627665e-01
1.060425959028478019e+03,6.036179339982261638e+01,7.540496766045971810e+01,-2.662649159513073460e+00,3.190691504548721635e+00,-2.405875186493634299e+00,6.272506190650367408e+00,2.540201557861590853e+00,9.522720129959033386e+00,6.917437444473658381e+00,1.125760588957878561e+01,1.323155843087583072e+01,7.766297231277214053e+00,-8.222508324428057236e+00,1.043683892853881190e+01,-2.603796206832953430e+00,2.209699221872396535e+00,-7.230879918873256429e-01,2.694825181777667389e+00
1.060999605726090067e+03,6.132279643175697004e+01,7.874485243723374595e+01,-2.781838825672345195e+00,4.682939707682551855e+00,-2.062089899101767987e+00,8.117570570764405247e+00,6.428849977699092610e-01,5.759089126771023359e+00,1.065689662485633882e+01,7.377987359351300789e+00,1.351184905108184786e+01,6.911617854924165805e+00,-7.792245975616992837e+00,1.047183449525354071e+01,-4.151272699393341092e+00,5.597361235002669133e+00,3.000683394242381841e+00,1.507724396100921904e+00
1.061573780159927765e+03,6.170042545926958155e+01,7.997384795846811301e+01,-2.523681654678666675e+00,6.920981692215962156e+00,-6.128356128618795973e-01,6.451630110252671635e+00,3.789754937125648038e+00,6.911360673921266518e+00,1.225588397718892431e+01,4.828494020408918175e+00,1.188228609361662258e+01,7.548737178248038582e+00,-7.403444752255192718e+00,7.416383829243662795e+00,-6.982232580473919370e-01,7.265923795484824588e+00,-4.198527952050672418e+00,3.434781454392934030e+00
1.062148483058576630e+03,6.172393413260253681e+01,7.889984501047520382e+01,-1.360467104713139364e+00,6.345671483722642670e+00,-1.094302669189718413e+00,4.576759854181523757e+00,3.169638180810489647e+00,5.029973627767645894e+00,1.301018781135477864e+00,3.162425504649702290e+00,6.765560537841547095e+00,7.970242838682485065e+00,-7.479758299338413963e+00,4.840118323166059611e+00,-2.096033453384487988e+00,1.006680333591122256e+01,-6.027061226576506670e+00,8.436915230417763922e+00
1.062723715151963233e+03,6.120585642786566183e+01,7.748893235122127976e+01,-9.136663621214248243e-01,1.194345998333624692e+01,-2.164087657462165026e+00,5.311358948165755933e+00,5.079952841253972728e+00,4.443404376687290380e+00,8.453233372768636400e+00,5.578494875037272926e+00,7.912265246685744380e+00,1.268574112348395921e+01,-7.567218071348918329e+00,9.811382111386061311e+00,-1.783554674877829482e+00,7.985531974278866407e+00,-3.229440032558045459e+00,7.928780034548527311e+00
1.063299477171360195e+03,6.078646743533183638e+01,7.716095228722024046e+01,-1.672441258071380332e+00,1.205667572093251394e+01,-2.248368410999549649e+00,5.171893340183053134e+00,9.389493186780049072e+00,9.226236999873599132e+00,1.676484349606836943e+01,7.533127598630472654e+00,1.233442488097074374e+01,1.302103744055312262e+01,-7.229808901966767287e+00,8.534825852554758896e+00,-1.859613037255921197e+00,1.649374180881332919e+00,1.874066556559436547e+00,5.933375371036729184e+00
1.063875769849386643e+03,6.094813581078290810e+01,7.697675298784797349e+01,-1.932552546351679723e+00,1.067982918540342574e+01,-3.275561475199702532e-01,2.807241922180621074e+00,7.599371027942119383e+00,5.478625025077341171e+00,1.637810545146032837e+01,6.664086313743635692e+00,8.535880867408536687e+00,6.316990533853592105e+00,-9.365276472049458789e+00,8.340087466426801655e+00,-2.521502480230670695e+00,2.430777265087606498e+00,-2.553382555214625427e+00,4.162549534789207861e+00
1.064452593920014124e+03,6.172778251522051107e+01,7.611272239775037463e+01,-3.722722427497440645e+00,8.619940970517287582e+00,-2.339064786004573460e+00,2.262798944947574942e+00,6.254168969363893105e+00,1.117669150000465983e+01,1.264280724689296243e+01,1.561706313316619976e+01,5.681542437606594831e+00,6.674248179809874948e+00,-1.147654839580328279e+01,9.061261620657546700e+00,-6.533583550257692885e+00,8.442352480324951003e+00,-3.099519300342080896e+00,8.940772181438605415e+00
1.065029950118567513e+03,6.265560232344928693e+01,7.464008560325450503e+01,-3.283960845691975550e+00,9.232505816218697703e+00,-1.061572999701770215e+00,4.138764847163413307e+00,3.943299303793478483e+00,1.162330159181702882e+01,1.174700773648848440e+01,2.402016671173792517e+01,1.295907058150947933e+01,2.986645459130644831e+00,-7.531103234032741511e+00,8.069629434876246066e+00,-4.011744368135055083e+00,9.785311500998806977e+00,1.091581852992817403e+00,1.211557849962279754e+01
1.065607839181729332e+03,6.421090731422042097e+01,7.141601576882709423e+01,-2.996487252666796053e+00,9.238949142003658466e+00,-8.648555432960129963e-01,2.293681182784797379e+00,5.099890307531929068e+00,1.503174899624303684e+01,1.729740718961458512e+01,3.280546800104103511e+01,1.415559109625970358e+01,6.842425264589593326e+00,-5.774594127498819951e+00,9.232892479693584065e+00,-4.644369963436038695e+00,1.099050072455542626e+01,2.045902661871612960e+00,1.266499574871236611e+01
1.066186261847542937e+03,6.637586111580569082e+01,6.608171008927526202e+01,-3.575117984047464947e+00,8.847641444596481719e+00,-4.673086798212118254e+00,3.089895324451513048e+00,5.449584090795871028e+00,1.791084204871692975e+01,2.970721404224767070e+01,4.623200101928518535e+01,1.037432878275622805e+01,7.044420825916464679e+00,-4.271804609319872270e+00,1.111810062526201293e+01,-3.774247715780196355e+00,8.113606131556135637e+00,-4.672752781250021137e+00,1.476859998128031215e+01
1.066765218855414332e+03,6.884038021231903315e+01,5.836265223178913431e+01,-4.384990382791423613e+00,8.192914862425148215e+00,-3.916459623169064486e+00,2.909436236946884247e+00,4.788025584270722668e+00,1.498282707564393768e+01,3.726459998204726531e+01,5.978210669171129865e+01,6.409338831537790604e+00,1.214500533748134714e+00,-1.969538267887098071e+00,1.220522317889213149e+01,-5.358285356969759050e+00,8.135116740468383512e+00,-8.535394683306472885e+00,1.299046553862557296e+01
1.067344710946117175e+03,7.127459805000664517e+01,5.001614102913965354e+01,-4.497114746478518832e+00,7.491361082937203264e+00,-2.613900558898618609e+00,4.281982578247847115e+00,6.718336553609375983e+00,2.134154926832680133e+01,4.606108569371640016e+01,5.301115384765781613e+01,6.352546805603442870e+00,7.396241812323547826e+00,-9.496141390599026622e+00,1.256400708016102996e+01,-2.384394040120184854e+00,8.368302799260748159e+00,-1.321631264868453171e+00,1.409827007277548638e+01
1.067924738861794594e+03,7.361162434500921847e+01,4.160181981371104598e+01,-3.201671816595515363e+00,7.767310859178351734e+00,-5.597099104717730533e+00,4.477718871895439712e+00,8.418010567613819717e+00,2.071023795442728499e+01,4.998203753057276799e+01,6.206467133902250310e+01,4.212005555342102525e+00,6.169306636791016096e+00,-9.279319730537016753e+00,1.331856658246182867e+01,-5.708050934883507344e-01,8.695163996422440533e+00,6.924635122107702045e+00,1.121980828011923847e+01
1.068505303345962830e+03,7.620504005556026073e+01,3.381963465573338112e+01,-7.873804968123691017e-01,1.168038135000517919e+01,-8.443833115619222340e+00,1.346215732696486977e+00,7.968488345017448182e+00,1.614008604297195149e+01,5.147882736643526869e+01,6.384436902443516004e+01,4.465271648085054501e+00,9.004506102766965725e+00,-5.389097466921005442e+00,1.512585758381773360e+01,-9.671248734880370179e+00,7.565520617308934881e+00,-2.437842639805391440e-02,3.968993281122833672e+00
1.069086405143514185e+03,7.810141443897320812e+01,2.727874051974998793e+01,-2.684497278518783503e+00,6.577992132173689832e+00,-5.191827669722715477e+00,4.036512950486066842e+00,9.665629344795155120e+00,1.784269457803165082e+01,5.319955476770906699e+01,6.339762107053812912e+01,4.320665960677463779e+00,7.398906443893179308e+00,-7.386229512318664092e+00,1.499992605715747906e+01,-5.251339255042448251e+00,1.064674835360838401e+01,2.887568448339493443e+00,8.371565789380026601e+00
1.069668045000720895e+03,7.952946520720998080e+01,2.157520640577378401e+01,-3.488367035640269620e+00,4.222494393421825087e+00,-2.309655626815253271e+00,3.668674316315136963e+00,1.136251127044493536e+01,2.123455014491301185e+01,5.287304664356484096e+01,6.618095381746712746e+01,4.211851247262529796e+00,1.024305242552168949e+01,-3.768732424255176738e+00,9.161124912676601895e+00,-5.220644047223572670e+00,5.937152802710161659e+00,9.010642030503504429e+00,6.451024966679295147e+00
1.070250223665237627e+03,8.000000000000000000e+01,1.674576082777570107e+01,-4.551674622014727056e+00,6.475369178926245972e+00,-2.922949218123586324e+00,2.808688166780735518e+00,1.459120917278870877e+01,1.816347510275125998e+01,5.037527635413666616e+01,7.072015975990976244e+01,4.095030687276562276e+00,9.273323427999537572e+00,2.872471473115751905e-01,9.188167274497232029e+00,3.024784558515420940e-01,2.315948143402028592e+00,1.113919262202639082e+01,7.183181959350799062e+00
1.070832941886104663e+03,7.945437333883107556e+01,1.313639432578145261e+01,-2.782523486847289451e+00,6.807923240409901489e+00,-3.803211153256315757e+00,9.127432362834917434e-01,5.253977755607238009e+00,1.512251858473417343e+01,4.135482289239022435e+01,6.058542407569206745e+01,-2.726710694279101399e-01,1.353534842203523958e+01,-3.965677667989420119e+00,1.226782739455085292e+01,-1.073982448766173547e+00,1.872117514224572510e+00,6.391964070450228519e+00,1.059255079339960481e+01
1.071416200413751540e+03,7.750213516946381276e+01,1.083224292950549561e+01,-5.009317356295712287e+00,5.623027820524367115e+00,-1.998571847983965144e+00,2.560055947224455508e+00,-4.258138686216516255e+00,1.190382703106401152e+01,3.471089545759749484e+01,4.651346161355253628e+01,-7.818614639712109238e+00,8.624230645979347187e+00,-5.148582691283858814e+00,1.259539873449982572e+01,-1.003182482260626784e+00,2.385439970572014623e+00,2.077275129007242871e+00,1.832839123511437052e+01
1.072000000000000000e+03,7.384095406391041649e+01,9.294369509300995702e+00,-4.640971060979312668e+00,6.469884201045283945e+00,2.091882468817487961e+00,1.312170203859967188e+00,2.489498093324622463e+00,1.460249431994137126e+01,2.311784731102513391e+01,3.164130491634252351e+01,-5.362649267588115443e+00,7.336174224582720171e+00,-4.603440086168935075e+00,1.465941824392821857e+01,1.189550140320666971e+00,4.225175027985697440e+00,5.716468813802047855e+00,1.825478447044485009e+01
1.072584341398067409e+03,6.894371775689394610e+01,8.201695950804895219e+00,-5.169290250405505383e+00,5.580125458418992324e+00,5.949017718368830865e-01,7.722530846706320284e-01,-1.971430097804519332e-01,8.341681686983870136e+00,1.952072440096523565e+01,3.152372356235844109e+01,-1.268621171164558881e+01,1.241534321208083647e+01,-6.374742025989443839e+00,1.607749284191798722e+01,2.823183389824540424e+00,4.513661547853168976e+00,1.096440410205102900e+01,1.309592358450463045e+01
1.073169225362569250e+03,6.300824971177515721e+01,7.215686435893156059e+00,-3.584813499855332708e+00,3.696622336571320222e+00,-3.164941935429188558e+00,3.318050639565189197e+00,-1.822335036276309550e+00,1.020400820498454042e+00,7.451740026231902903e+00,2.408344699838453451e+01,-1.479791883154213927e+01,1.356730429075756561e+01,-5.930873007437810429e+00,1.486482420127267012e+01,2.781227150561543571e+00,8.273931355444275049e-01,1.685016892512341613e+01,8.120340546270947257e+00
1.073754652649524132e+03,5.612183352839130634e+01,6.009862931587203860e+00,-1.829454308771022442e+00,2.508880633162567264e+00,-4.071185695688273931e+00,2.091707432798841637e+00,4.591680765069985348e+00,3.037226270884974877e+00,-9.392780568078744341e-02,6.605106396499112797e+00,-1.848839292488338515e+01,1.891651443578928138e+01,4.988065315667806199e-01,1.363863090630171371e+01,4.553553857380411962e+00,5.850050925581289363e+00,9.068737825376198103e+00,7.769070419743909994e+00
1.074340624016354923e+03,4.834840491472930779e+01,4.401876552506608142e+00,-1.044148078875808849e+00,4.215521712973750112e+00,-2.323129074063444932e+00,7.589979896573453289e-01,-6.526720223619126848e+00,1.127064010533218408e+01,-2.375859800392324583e+00,8.313805168997916439e+00,-1.363623932823719542e+01,1.411467642396411470e+01,-9.621656387710686431e-01,1.657870008134720052e+01,8.805732806244274125e-01,6.542104179771978778e+00,1.667043804055326106e+01,3.690055627391700011e+00
1.074927140221893296e+03,4.026093375724197898e+01,2.758566043877727303e+00,1.218192497786804579e-01,5.375011478683937582e+00,-5.905946713508794410e+00,4.134982156128012676e+00,-7.174441504009209325e+00,8.766481719827250885e+00,-6.621944680652944726e-01,7.675855813629913982e+00,-1.092038731408240437e+01,1.399258667196449402e+01,-3.542783966961868369e+00,1.581958347907802676e+01,3.099460933785441963e+00,6.441953761017852997e+00,1.585576790850016415e+01,7.792300527461848425e+00
1.075514202026383145e+03,3.293021436663245538e+01,1.581039256971907614e+00,-2.956466740902175871e+00,2.670637882690423126e+00,-5.875349871832405313e+00,5.906975926251547548e+00,-5.369340692620302669e+00,9.100704538160279355e+00,-5.237499251619335716e+00,9.433172085249278638e+00,-8.753621520756505348e+00,1.633257867042801337e+01,-3.739811834452609673e+00,1.096636397204456337e+01,4.149478946805174928e+00,7.571709072741325208e+00,1.213186100792799493e+01,1.259553104911306853e+01
1.076101810191482627e+03,2.636199857082861087e+01,8.333250439069259663e-01,-8.319788271041407279e-01,3.309842225811198801e+00,-4.883588658885305911e+00,1.496785890980167677e+00,-6.993833607338274305e+00,3.491886304020334730e+00,-7.470288965469109144e+00,1.078519717458250504e+01,-7.571577540427246511e+00,1.015191582381824986e+01,-1.938466187657657658e+00,9.000121687150436145e+00,4.827286735024785003e+00,5.462138574114042022e+00,5.472615562885465579e+00,1.180072295822204786e+01
1.076689965480269166e+03,2.057302320366879300e+01,4.120555349185034411e-01,-1.409553552029863654e+00,4.639670964170272249e+00,-3.920498186771801841e+00,1.474864821017289884e+00,-8.619514561448957224e+00,5.378965523881406696e+00,-4.141214276493822233e+00,1.087721556465458939e+01,-6.080718847445969466e+00,9.602146644651499585e+00,-4.174754192040168732e+00,8.870511218644514528e+00,2.242147716538440250e+00,2.780171136801340204e+00,6.437344243580530367e+00,5.098037642632875510e+00
1.077278668657240814e+03,1.546983273093117184e+01,1.923854543974301001e-01,-5.217998485228111383e-01,5.313498418342296858e+00,5.496980171581947738e-01,3.536400295580329978e+00,-6.366917082180360232e+00,5.369527308210233052e+00,-8.261020665144252817e+00,9.089006164009056477e+00,-4.688227611967306530e+00,7.930994766728697520e+00,-3.614820961559639390e+00,5.819284127542231566e+00,2.068944430856333838e+00,1.227207991103681506e+00,6.921577050208791881e+00,4.719181094352049577e+00
1.077867920488321261e+03,1.126581011443253999e+01,9.189441013994228968e-02,-2.186909880055335764e-01,5.208786156158260461e+00,-2.881827623147970030e-01,5.019835018401693105e+00,-6.835873324538295215e+00,5.621908404555628458e+00,-6.749632887501512357e+00,7.800418159112905592e+00,-4.264276807861122620e+00,6.488666614732866655e+00,-1.755817663800061323e+00,4.966194894791319037e+00,2.403112238056583916e+00,3.431993499367787415e+00,5.128296747744154338e+00,6.675975091515462978e+00
1.078457721740863008e+03,7.923140586427143361e+00,6.638931894058280880e-02,-1.721220762234938251e+00,4.931515162661090024e+00,-1.199245308520753950e+00,3.581747427782750570e+00,-3.019368150623558567e+00,5.384477135569500916e+00,-5.067506696279369116e+00,8.313005132960268995e+00,-4.827871985219073458e+00,7.268035447203444299e+00,-1.120524524250306797e+00,3.986575057667270716e+00,1.989981098760997158e+00,1.559984632143596839e+00,2.562992181138935788e+00,6.625860664141372425e+00
1.079048073183648967e+03,5.472943143825801826e+00,6.638931894058280880e-02,-1.585711242786250308e+00,4.443880990491173577e+00,-2.940381056528808212e+00,3.498409632413549186e+00,-3.267333041034068852e+00,4.715917150118658085e+00,-3.317342326986992163e+00,4.158358809197168604e+00,-5.030977294723018467e+00,4.271310971995651684e+00,-2.107634043772660615e+00,2.527570145785234423e+00,4.828516781997009844e-01,1.786277497123830660e+00,2.252475705053605282e+00,6.159511510199006779e+00
1.079638975586897914e+03,3.771876771524474314e+00,6.638931894058280880e-02,-9.095435736738203270e-01,3.993915907252628017e+00,6.913251391454018346e-01,5.019871556579126981e+00,-1.507145562880785716e+00,3.878622380360448485e+00,-3.415445758375569962e+00,4.342330181044976811e+00,-2.815602955031395904e+00,2.632708997109368898e+00,-1.176474632536126164e+00,1.396011916883644677e+00,-2.198420282845166440e+00,2.069971494813188873e+00,-4.278801791470124988e-02,3.816395745109275150e+00
1.080230429722266535e+03,2.561399656688952753e+00,6.638931894058280880e-02,-5.068490586858308555e-01,4.558131209307923370e+00,-2.069991553205986268e+00,3.786347143427478024e+00,-1.054806859289683318e+00,3.004868047364485761e+00,-3.213917575869958743e+00,3.304433715248733527e+00,-1.473574293335331076e+00,1.087846257429657015e+00,-1.752983168086016619e+00,7.691214305219356007e-01,-2.284130472949648105e+00,1.124563652690825588e+00,-2.270613224668263097e+00,6.122028873566418561e-01
