Density,Temperature,thermoValue
0.85,220,-8.2730851511
0.85,220,-7.8790761679
0.85,220,-8.1418509413
0.85,220,-8.3337996679
0.85,220,-8.3580602264
0.85,220,-9.084512938
0.85,220,-8.1987041167
0.85,220,-8.6114969894
0.85,220,-8.4390212159
0.85,220,-8.7027233981
0.85,240,-7.3380354299
0.85,240,-7.2848250751
0.85,240,-7.6028940371
0.85,240,-7.3549140161
0.85,240,-7.455871603
0.85,240,-7.4181704481
0.85,240,-7.258242674
0.85,240,-7.3136551756
0.85,240,-7.3095972343
0.85,240,-7.4055524602
0.85,240,-7.3380354299
0.85,240,-7.2848250751
0.85,240,-7.6028940371
0.85,240,-7.3549140161
0.85,240,-7.455871603
0.85,240,-7.4181704481
0.85,240,-7.258242674
0.85,240,-7.3136551756
0.85,240,-7.3095972343
0.85,240,-7.4055524602
0.85,260,-6.4904159504
0.85,260,-6.56295922
0.85,260,-6.4637058596
0.85,260,-6.5118739685
0.85,260,-6.5749285153
0.85,260,-6.5771627702
0.85,260,-6.4290407642
0.85,260,-6.4756173407
0.85,260,-6.5514087346
0.85,260,-6.5550933073
0.85,280,-5.8423697874
0.85,280,-5.8567651947
0.85,280,-5.824820111
0.85,280,-5.8254369539
0.85,280,-5.8237108712
0.85,280,-5.8194295877
0.85,280,-5.8209271247
0.85,280,-5.8064634459
0.85,280,-5.8344033528
0.85,280,-5.8423697874
0.85,280,-5.8567651947
0.85,280,-5.824820111
0.85,280,-5.8254369539
0.85,280,-5.8237108712
0.85,280,-5.8194295877
0.85,280,-5.8209271247
0.85,280,-5.8064634459
0.85,280,-5.8344033528
0.85,300,-5.2793941137
0.85,300,-5.2634785827
0.85,300,-5.2635258628
0.85,300,-5.2348219435
0.85,300,-5.2270068465
0.85,300,-5.2593744791
0.85,300,-5.2682067503
0.85,300,-5.2421684823
0.85,300,-5.263921309
0.85,300,-5.2791701733
0.85,330,-4.5796114142
0.85,330,-4.5852576849
0.85,330,-4.5640241118
0.85,330,-4.5895231484
0.85,330,-4.5793078557
0.85,330,-4.5889234825
0.85,330,-4.5749200786
0.85,330,-4.5919721162
0.85,330,-4.5955240164
0.85,330,-4.5776197576
0.85,330,-4.5796114142
0.85,330,-4.5852576849
0.85,330,-4.5640241118
0.85,330,-4.5895231484
0.85,330,-4.5793078557
0.85,330,-4.5889234825
0.85,330,-4.5749200786
0.85,330,-4.5919721162
0.85,330,-4.5955240164
0.85,330,-4.5776197576
0.85,360,-4.0562295179
0.85,360,-4.0571838504
0.85,360,-4.0552397335
0.85,360,-4.0598431384
0.85,360,-4.0581020995
0.85,360,-4.0611638795
0.85,360,-4.0568056814
0.85,360,-4.0562295179
0.85,360,-4.0571838504
0.85,360,-4.0552397335
0.85,360,-4.0598431384
0.85,360,-4.0581020995
0.85,360,-4.0611638795
0.85,360,-4.0568056814
0.9,220,-8.853980112
0.9,220,-9.1196296249
0.9,220,-8.4709432737
0.9,220,-8.4694287812
0.9,220,-9.0492987931
0.9,220,-9.0696080431
0.9,220,-8.9986672776
0.9,220,-8.7861115522
0.9,220,-8.7701899013
0.9,220,-9.4387194622
0.9,240,-7.4354728078
0.9,240,-7.5635003435
0.9,240,-7.4772424997
0.9,240,-7.539445985
0.9,240,-7.5670853251
0.9,240,-7.4503501456
0.9,240,-7.5658651316
0.9,240,-7.4513396398
0.9,240,-7.4672146649
0.9,240,-7.545004511
0.9,260,-6.5697875744
0.9,260,-6.6130642903
0.9,260,-6.5615614345
0.9,260,-6.5964033147
0.9,260,-6.5659425055
0.9,260,-6.6333737543
0.9,260,-6.5834742777
0.9,260,-6.5434920882
0.9,260,-6.5697875744
0.9,260,-6.6130642903
0.9,260,-6.5615614345
0.9,260,-6.5964033147
0.9,260,-6.5659425055
0.9,260,-6.6333737543
0.9,260,-6.5834742777
0.9,260,-6.5434920882
0.9,260,-6.5626784411
0.9,280,-5.9007804914
0.9,280,-5.9336113083
0.9,280,-5.9140407534
0.9,280,-5.9007804914
0.9,280,-5.9336113083
0.9,280,-5.8548941341
0.9,280,-5.9140407534
0.9,280,-5.9218385491
0.9,280,-5.9189894165
0.9,280,-5.9356522068
0.9,280,-5.8985798127
0.9,280,-5.9310148352
0.9,280,-5.9193090325
0.9,300,-5.323147647
0.9,300,-5.3119103458
0.9,300,-5.323147647
0.9,300,-5.3119103458
0.9,300,-5.3342152828
0.9,300,-5.3282146778
0.9,300,-5.3097281212
0.9,300,-5.3167354177
0.9,300,-5.321601841
0.9,300,-5.3124811013
0.9,300,-5.3252570703
0.9,330,-4.6351932376
0.9,330,-4.6351932376
0.9,330,-4.6282853259
0.9,330,-4.6351932376
0.9,330,-4.6298833731
0.9,330,-4.6453153468
0.9,330,-4.6267258443
0.9,330,-4.6265620819
0.9,330,-4.6334603246
0.9,330,-4.6380696758
0.9,330,-4.6333094415
0.9,360,-4.1204653595
0.9,360,-4.0925263453
0.9,360,-4.1015053798
0.9,360,-4.0878105087
0.9,360,-4.0956003782
0.9,360,-4.0824433875
0.9,360,-4.0954042777
0.9,360,-4.0950741743
0.9,360,-4.1010042797
0.9,360,-4.0984759269
0.95,220,-8.4781859883
0.95,220,-8.2970608844
0.95,220,-8.768694929
0.95,220,-9.0947912606
0.95,220,-8.5605834225
0.95,220,-8.6806003216
0.95,220,-8.9181490346
0.95,220,-8.4774574799
0.95,220,-8.5239130312
0.95,220,-8.7931494963
0.95,240,-7.3390858465
0.95,240,-7.3259991902
0.95,240,-7.3847418463
0.95,240,-7.4024629237
0.95,240,-7.3455748105
0.95,240,-7.4211293776
0.95,240,-7.3545816351
0.95,240,-7.2384039339
0.95,240,-7.3788320987
0.95,240,-7.4564178661
0.95,260,-6.6160397637
0.95,260,-6.4379140433
0.95,260,-6.4830192953
0.95,260,-6.5906366639
0.95,260,-6.5898687825
0.95,260,-6.532140214
0.95,260,-6.5201113153
0.95,260,-6.5136327586
0.95,260,-6.5249803078
0.95,260,-6.557630042
0.95,280,-5.8243200752
0.95,280,-5.8624230714
0.95,280,-5.8910548378
0.95,280,-5.859757609
0.95,280,-5.8571326616
0.95,280,-5.8400697861
0.95,280,-5.9144388542
0.95,280,-5.9123320765
0.95,280,-5.8639519752
0.95,280,-5.8979975908
0.95,300,-5.3335997666
0.95,300,-5.2965866315
0.95,300,-5.3183297762
0.95,300,-5.3153215619
0.95,300,-5.3013358293
0.95,300,-5.3298859176
0.95,300,-5.2956961117
0.95,300,-5.3340954164
0.95,300,-5.3052815571
0.95,300,-5.2999297806
0.95,330,-4.6450306829
0.95,330,-4.6356039665
0.95,330,-4.6646756017
0.95,330,-4.6546001015
0.95,330,-4.6367114808
0.95,330,-4.6449018669
0.95,330,-4.6595755476
0.95,330,-4.6355759607
0.95,330,-4.6322266442
0.95,330,-4.6449641333
0.95,330,-4.6450306829
0.95,330,-4.6356039665
0.95,330,-4.6646756017
0.95,330,-4.6546001015
0.95,330,-4.6367114808
0.95,330,-4.6449018669
0.95,330,-4.6595755476
0.95,330,-4.6355759607
0.95,330,-4.6322266442
0.95,330,-4.6449641333
0.95,360,-4.1148788169
0.95,360,-4.0963024269
0.95,360,-4.0935458088
0.95,360,-4.0966420522
0.95,360,-4.1086829869
0.95,360,-4.1155874417
0.95,360,-4.1272633513
0.95,360,-4.124370361
0.95,360,-4.1123900607
0.95,360,-4.1072612501
1.0,220,-8.3455850527
1.0,220,-8.0859680903
1.0,220,-8.021251196
1.0,220,-8.2129809925
1.0,220,-8.0062318514
1.0,220,-7.9725938645
1.0,220,-8.5079750067
1.0,220,-8.2246927627
1.0,220,-8.1724045238
1.0,220,-8.0914563969
1.0,220,-8.3455850527
1.0,220,-8.0859680903
1.0,220,-8.021251196
1.0,220,-8.2129809925
1.0,220,-8.0062318514
1.0,220,-7.9725938645
1.0,220,-8.5079750067
1.0,220,-8.2246927627
1.0,220,-8.1724045238
1.0,220,-8.0914563969
1.0,240,-7.155364734
1.0,240,-7.0249054766
1.0,240,-7.148569376
1.0,240,-7.0182437558
1.0,240,-7.1274359165
1.0,240,-7.2251292149
1.0,240,-7.039299527
1.0,240,-7.118734221
1.0,240,-7.1398635999
1.0,240,-7.1833025247
1.0,260,-6.4105568677
1.0,260,-6.3036252322
1.0,260,-6.3583851074
1.0,260,-6.3651767339
1.0,260,-6.3996141277
1.0,260,-6.4368076709
1.0,260,-6.4826250758
1.0,260,-6.3672374919
1.0,260,-6.4020573292
1.0,260,-6.3593067525
1.0,280,-5.7516111526
1.0,280,-5.767815987
1.0,280,-5.7498681193
1.0,280,-5.7777439177
1.0,280,-5.7643236062
1.0,280,-5.7839080126
1.0,280,-5.7686230735
1.0,280,-5.7694600625
1.0,280,-5.7562367444
1.0,280,-5.7720535972
1.0,300,-5.274952539
1.0,300,-5.2452734517
1.0,300,-5.2438318872
1.0,300,-5.2442299489
1.0,300,-5.2695391412
1.0,300,-5.2529867984
1.0,300,-5.2686836657
1.0,300,-5.2107362687
1.0,300,-5.2641954215
1.0,300,-5.2552391676
1.0,330,-4.616772554
1.0,330,-4.616805481
1.0,330,-4.6065262115
1.0,330,-4.5995477283
1.0,330,-4.6070624474
1.0,330,-4.6134881951
1.0,330,-4.6164074093
1.0,330,-4.6117328192
1.0,330,-4.6149874697
1.0,330,-4.6126320108
1.0,330,-4.616772554
1.0,330,-4.616805481
1.0,330,-4.6065262115
1.0,330,-4.5995477283
1.0,330,-4.6070624474
1.0,330,-4.6134881951
1.0,330,-4.6164074093
1.0,330,-4.6117328192
1.0,330,-4.6149874697
1.0,330,-4.6126320108
1.0,360,-4.0892761491
1.0,360,-4.086868623
1.0,360,-4.0891534567
1.0,360,-4.095790984
1.0,360,-4.0873201311
1.0,360,-4.1100929001
1.0,360,-4.101293107
1.0,360,-4.0979761267
1.0,360,-4.0965866323
1.0,360,-4.0870428128
1.0,360,-4.0856301631
1.0,360,-4.1028123156
1.0,360,-4.0886872072
1.0,360,-4.0949032286
1.0,360,-4.1019631866
1.05,220,-7.485092338
1.05,220,-7.8460236591
1.05,220,-7.6488390257
1.05,220,-7.7397520707
1.05,220,-7.6413928438
1.05,220,-7.5348255794
1.05,220,-7.5195557818
1.05,220,-7.5844038551
1.05,220,-7.6167484445
1.05,220,-7.485092338
1.05,220,-7.8460236591
1.05,220,-7.6488390257
1.05,220,-7.7397520707
1.05,220,-7.6413928438
1.05,220,-7.5348255794
1.05,220,-7.5195557818
1.05,220,-7.5844038551
1.05,220,-7.6167484445
1.05,240,-6.908480693
1.05,240,-6.8533108974
1.05,240,-6.8832251264
1.05,240,-6.8610731389
1.05,240,-6.7475316498
1.05,240,-6.8570148656
1.05,240,-6.81125463
1.05,240,-6.7891516283
1.05,240,-6.7757062507
1.05,240,-6.8758427516
1.05,260,-6.2098252535
1.05,260,-6.1591645556
1.05,260,-6.1435560008
1.05,260,-6.1953149403
1.05,260,-6.1749323405
1.05,260,-6.1985968614
1.05,260,-6.1540494828
1.05,260,-6.2098252535
1.05,260,-6.1591645556
1.05,260,-6.1435560008
1.05,260,-6.1953149403
1.05,260,-6.1696929578
1.05,260,-6.1749323405
1.05,260,-6.1985968614
1.05,260,-6.1540494828
1.05,260,-6.1760078281
1.05,260,-6.1967089724
1.05,280,-5.6100683236
1.05,280,-5.6283438904
1.05,280,-5.6448772202
1.05,280,-5.6100683236
1.05,280,-5.6283438904
1.05,280,-5.6448772202
1.05,280,-5.6259249238
1.05,280,-5.6461441673
1.05,280,-5.6456764299
1.05,280,-5.6175970237
1.05,280,-5.6272212267
1.05,280,-5.6424157296
1.05,280,-5.601750676
1.05,300,-5.1445766944
1.05,300,-5.1445766944
1.05,300,-5.1731470068
1.05,300,-5.137514541
1.05,300,-5.1629660673
1.05,300,-5.1481327686
1.05,300,-5.1618111242
1.05,300,-5.1557772699
1.05,300,-5.1449291867
1.05,300,-5.137026409
1.05,300,-5.1701777528
1.05,330,-4.5351009189
1.05,330,-4.5513541066
1.05,330,-4.5613978375
1.05,330,-4.5520582927
1.05,330,-4.5510322492
1.05,330,-4.5617802703
1.05,330,-4.5444102613
1.05,330,-4.5625486213
1.05,330,-4.5496793788
1.05,330,-4.5207758105
1.05,330,-4.5740657367
1.05,360,-4.0676479537
1.05,360,-4.0676479537
1.05,360,-4.0233104353
1.05,360,-4.0473297075
1.05,360,-4.015046744
1.05,360,-4.0474557526
1.05,360,-4.0439340972
1.05,360,-4.0253323039
1.05,360,-4.0394854343
1.05,360,-4.0358678454
1.05,360,-4.0376461561
1.1,220,-7.2954959204
1.1,220,-7.3628206476
1.1,220,-7.2606483031
1.1,220,-7.1954420596
1.1,220,-7.2197827121
1.1,220,-7.245993939
1.1,220,-7.3190847676
1.1,220,-7.2656453392
1.1,220,-7.2422914013
1.1,220,-7.1610716183
1.1,240,-6.6750361642
1.1,240,-6.5836498277
1.1,240,-6.6995823179
1.1,240,-6.6180191754
1.1,240,-6.6391298363
1.1,240,-6.6550687401
1.1,240,-6.6052534119
1.1,240,-6.6571524729
1.1,240,-6.5612765981
1.1,240,-6.586904959
1.1,260,-6.0094370554
1.1,260,-6.0261015209
1.1,260,-6.0545387465
1.1,260,-6.0285930572
1.1,260,-5.9959138561
1.1,260,-5.9932781811
1.1,260,-5.9966585899
1.1,260,-6.0051771636
1.1,260,-6.0031279967
1.1,260,-6.042632379
1.1,280,-5.5102442927
1.1,280,-5.5177361295
1.1,280,-5.4757328874
1.1,280,-5.5113759952
1.1,280,-5.5086574775
1.1,280,-5.495360279
1.1,280,-5.4960625833
1.1,280,-5.4755046779
1.1,280,-5.4911447736
1.1,280,-5.5012591428
1.1,300,-5.0276998676
1.1,300,-5.0433824717
1.1,300,-5.0386345604
1.1,300,-5.0326374713
1.1,300,-5.0522356988
1.1,300,-5.0426732369
1.1,300,-5.064304281
1.1,300,-5.0358052696
1.1,300,-5.0654958503
1.1,300,-5.0539351735
1.1,330,-4.4527988288
1.1,330,-4.4492827309
1.1,330,-4.4389412373
1.1,330,-4.4798352479
1.1,330,-4.4455291375
1.1,330,-4.4514928014
1.1,330,-4.4543141293
1.1,330,-4.4527988288
1.1,330,-4.4492827309
1.1,330,-4.4389412373
1.1,330,-4.4798352479
1.1,330,-4.4455291375
1.1,330,-4.4514928014
1.1,330,-4.4543141293
1.1,360,-3.8152980522
1.1,360,-3.8280850268
1.1,360,-3.8219152993
1.1,360,-3.8228874032
1.1,360,-3.8308338726
1.1,360,-3.8221518537
1.1,360,-3.8277704433
1.1,360,-3.8239108244
1.1,360,-3.8210227628
1.1,360,-3.8152980522
1.1,360,-3.8280850268
1.1,360,-3.8219152993
1.1,360,-3.8228874032
1.1,360,-3.8308338726
1.1,360,-3.8221518537
1.1,360,-3.8277704433
1.1,360,-3.8239108244
1.1,360,-3.8210227628
1.15,220,-7.2179998003
1.15,220,-7.1332438709
1.15,220,-7.0725487702
1.15,220,-7.0648827498
1.15,220,-7.0030990319
1.15,220,-7.1189832577
1.15,220,-7.100591413
1.15,220,-7.0988522322
1.15,220,-7.0532790516
1.15,220,-7.2179998003
1.15,220,-7.1332438709
1.15,220,-7.0725487702
1.15,220,-7.0648827498
1.15,220,-7.0030990319
1.15,220,-7.1189832577
1.15,220,-7.100591413
1.15,220,-7.0988522322
1.15,220,-7.0532790516
1.15,240,-6.396329681
1.15,240,-6.3951896216
1.15,240,-6.4566510137
1.15,240,-6.4332844111
1.15,240,-6.4207739561
1.15,240,-6.4402805871
1.15,240,-6.4039154398
1.15,240,-6.4274256819
1.15,240,-6.4293588524
1.15,240,-6.4546067417
1.15,260,-5.8670805577
1.15,260,-5.9036369983
1.15,260,-5.9231031634
1.15,260,-5.8817577948
1.15,260,-5.8224654414
1.15,260,-5.8673651308
1.15,260,-5.8487383301
1.15,260,-5.8405614438
1.15,260,-5.8684971761
1.15,260,-5.8414599232
1.15,280,-5.3010361081
1.15,280,-5.3874093731
1.15,280,-5.312814188
1.15,280,-5.3669811338
1.15,280,-5.3545641676
1.15,280,-5.3402902771
1.15,280,-5.3502478735
1.15,280,-5.3345989174
1.15,280,-5.3490133877
1.15,280,-5.3361108689
1.15,280,-5.3010361081
1.15,280,-5.3874093731
1.15,280,-5.312814188
1.15,280,-5.3669811338
1.15,280,-5.3545641676
1.15,280,-5.3402902771
1.15,280,-5.3502478735
1.15,280,-5.3345989174
1.15,280,-5.3490133877
1.15,280,-5.3361108689
1.15,280,-5.3010361081
1.15,280,-5.3874093731
1.15,280,-5.312814188
1.15,280,-5.3669811338
1.15,280,-5.3545641676
1.15,280,-5.3402902771
1.15,280,-5.3502478735
1.15,280,-5.3345989174
1.15,280,-5.3490133877
1.15,280,-5.3361108689
1.15,300,-4.8787262778
1.15,300,-4.8661877226
1.15,300,-4.8879661318
1.15,300,-4.8575256102
1.15,300,-4.8601703665
1.15,300,-4.8807203709
1.15,300,-4.8834088293
1.15,300,-4.8828736303
1.15,300,-4.8793482998
1.15,300,-4.8787262778
1.15,300,-4.8661877226
1.15,300,-4.8879661318
1.15,300,-4.8575256102
1.15,300,-4.8601703665
1.15,300,-4.8807203709
1.15,300,-4.8834088293
1.15,300,-4.8828736303
1.15,300,-4.8793482998
1.15,330,-4.2027905316
1.15,330,-4.1845117601
1.15,330,-4.2050375535
1.15,330,-4.1886293975
1.15,330,-4.1953416176
1.15,330,-4.190582098
1.15,330,-4.1865112133
1.15,330,-4.2013881514
1.15,330,-4.1995674096
1.15,330,-4.1934499027
1.15,330,-4.2027905316
1.15,330,-4.1845117601
1.15,330,-4.2050375535
1.15,330,-4.1886293975
1.15,330,-4.1953416176
1.15,330,-4.190582098
1.15,330,-4.1865112133
1.15,330,-4.2013881514
1.15,330,-4.1995674096
1.15,330,-4.1934499027
1.15,360,-3.7862767227
1.15,360,-3.7754697779
1.15,360,-3.7693545785
1.15,360,-3.7844959116
1.15,360,-3.7830074333
1.15,360,-3.7794331338
1.15,360,-3.7778318231
1.15,360,-3.7853292967
1.15,360,-3.7779434551
1.15,360,-3.7799559936
1.2,220,-6.8029589147
1.2,220,-6.8604919754
1.2,220,-6.8618601052
1.2,220,-6.9018749528
1.2,220,-6.8564602844
1.2,220,-6.9259741377
1.2,220,-6.8650922174
1.2,220,-6.8748901516
1.2,220,-6.8029589147
1.2,220,-6.8604919754
1.2,220,-6.8618601052
1.2,220,-6.9018749528
1.2,220,-6.8564602844
1.2,220,-6.9259741377
1.2,220,-6.8650922174
1.2,220,-6.8748901516
1.2,240,-6.2313523073
1.2,240,-6.2466995779
1.2,240,-6.3155982626
1.2,240,-6.2400063295
1.2,240,-6.2338193587
1.2,240,-6.2512230481
1.2,240,-6.2355656753
1.2,240,-6.2937958585
1.2,240,-6.2313523073
1.2,240,-6.2466995779
1.2,240,-6.3155982626
1.2,240,-6.2400063295
1.2,240,-6.2338193587
1.2,240,-6.2512230481
1.2,240,-6.2355656753
1.2,240,-6.2937958585
1.2,260,-5.6525308238
1.2,260,-5.6817239424
1.2,260,-5.6718118999
1.2,260,-5.6867772494
1.2,260,-5.6769263257
1.2,260,-5.6437801785
1.2,260,-5.647554788
1.2,260,-5.6502520752
1.2,260,-5.674835892
1.2,260,-5.696073119
1.2,280,-5.0439864442
1.2,280,-5.1121982848
1.2,280,-5.0192922379
1.2,280,-5.067612477
1.2,280,-5.1037746638
1.2,280,-5.0447016109
1.2,280,-5.1120493577
1.2,280,-5.0374377312
1.2,280,-5.0348545987
1.2,280,-5.057256432
1.2,300,-4.6356586731
1.2,300,-4.6114294455
1.2,300,-4.6281072823
1.2,300,-4.6124870881
1.2,300,-4.6219458337
1.2,300,-4.6198449995
1.2,300,-4.6343932588
1.2,300,-4.6060290219
1.2,300,-4.6372238318
1.2,300,-4.6286555088
1.2,330,-4.1455350648
1.2,330,-4.1323998481
1.2,330,-4.1512486886
1.2,330,-4.1363193528
1.2,330,-4.1395938918
1.2,330,-4.1374084033
1.2,330,-4.1430546358
1.2,330,-4.1556176719
1.2,330,-4.1498246349
1.2,330,-4.1484555581
1.2,330,-4.1455350648
1.2,330,-4.1323998481
1.2,330,-4.1512486886
1.2,330,-4.1363193528
1.2,330,-4.1395938918
1.2,330,-4.1374084033
1.2,330,-4.1430546358
1.2,330,-4.1556176719
1.2,330,-4.1498246349
1.2,330,-4.1484555581
1.2,360,-3.7245174994
1.2,360,-3.7516388461
1.2,360,-3.7542012485
1.2,360,-3.7452458216
1.2,360,-3.7351606215
1.2,360,-3.7424064504
1.2,360,-3.7330370932
1.2,360,-3.7404191603
1.2,360,-3.744069775
1.2,360,-3.7470359212
1.2,360,-3.7245174994
1.2,360,-3.7516388461
1.2,360,-3.7542012485
1.2,360,-3.7452458216
1.2,360,-3.7351606215
1.2,360,-3.7424064504
1.2,360,-3.7330370932
1.2,360,-3.7404191603
1.2,360,-3.744069775
1.2,360,-3.7470359212
1.25,220,-6.721411271
1.25,220,-6.6848276057
1.25,220,-6.7559122602
1.25,220,-6.7453789639
1.25,220,-6.6524838899
1.25,220,-6.724687484
1.25,220,-6.863743803
1.25,220,-6.7387525741
1.25,220,-6.6885345405
1.25,220,-6.721411271
1.25,220,-6.6848276057
1.25,220,-6.7559122602
1.25,220,-6.7453789639
1.25,220,-6.6524838899
1.25,220,-6.724687484
1.25,220,-6.863743803
1.25,220,-6.7387525741
1.25,220,-6.6885345405
1.25,240,-6.0738758803
1.25,240,-5.9614453617
1.25,240,-6.0556944956
1.25,240,-5.8286871618
1.25,240,-5.7464254701
1.25,240,-5.7660754533
1.25,240,-6.0453284899
1.25,240,-5.8050407168
1.25,240,-6.0745198853
1.25,240,-5.9306943791
1.25,260,-5.3336049435
1.25,260,-5.3278214496
1.25,260,-5.3430497993
1.25,260,-5.3560014325
1.25,260,-5.3366169266
1.25,260,-5.3197697778
1.25,260,-5.3387605655
1.25,260,-5.3475263785
1.25,260,-5.3200285165
1.25,260,-5.3275147688
1.25,280,-4.9310843464
1.25,280,-4.9019764022
1.25,280,-4.8994754068
1.25,280,-4.9267880874
1.25,280,-4.9301856999
1.25,280,-4.8975638897
1.25,280,-4.8926114866
1.25,280,-4.9457975332
1.25,280,-4.92708548
1.25,280,-4.9281340858
1.25,300,-4.5686342073
1.25,300,-4.5644993498
1.25,300,-4.5754264182
1.25,300,-4.5491358442
1.25,300,-4.5675525438
1.25,300,-4.5552099453
1.25,300,-4.5755401196
1.25,300,-4.5487774561
1.25,300,-4.5578281329
1.25,300,-4.5460193987
1.25,330,-4.1012359882
1.25,330,-4.0844844873
1.25,330,-4.098686303
1.25,330,-4.0780245973
1.25,330,-4.0824060325
1.25,330,-4.0978726416
1.25,330,-4.1019523419
1.25,330,-4.0911349599
1.25,330,-4.085375531
1.25,330,-4.0916127639
1.25,330,-4.1012359882
1.25,330,-4.0844844873
1.25,330,-4.098686303
1.25,330,-4.0780245973
1.25,330,-4.0824060325
1.25,330,-4.0978726416
1.25,330,-4.1019523419
1.25,330,-4.0911349599
1.25,330,-4.085375531
1.25,330,-4.0916127639
1.25,360,-3.7055061797
1.25,360,-3.7119916968
1.25,360,-3.703395272
1.25,360,-3.7054295254
1.25,360,-3.7052758089
1.25,360,-3.7005239138
1.25,360,-3.6971657104
1.25,360,-3.7071024829
1.25,360,-3.7131759307
1.25,360,-3.7055061797
1.25,360,-3.7119916968
1.25,360,-3.703395272
1.25,360,-3.7054295254
1.25,360,-3.7052758089
1.25,360,-3.7005239138
1.25,360,-3.6971657104
1.25,360,-3.7071024829
1.25,360,-3.7131759307
1.3,220,-6.4100092489
1.3,220,-6.171426387
1.3,220,-6.2816430673
1.3,220,-6.3285224354
1.3,220,-6.4180578338
1.3,220,-6.3725752601
1.3,220,-6.2455504626
1.3,220,-6.3422171737
1.3,220,-6.2697339634
1.3,220,-6.2990592869
1.3,240,-5.7301002235
1.3,240,-5.752193445
1.3,240,-5.7660919897
1.3,240,-5.7618114434
1.3,240,-5.7593855456
1.3,240,-5.7056291369
1.3,240,-5.7506662196
1.3,240,-5.707207261
1.3,240,-5.771691144
1.3,240,-5.7301002235
1.3,240,-5.752193445
1.3,240,-5.7660919897
1.3,240,-5.7618114434
1.3,240,-5.7593855456
1.3,240,-5.7056291369
1.3,240,-5.7506662196
1.3,240,-5.707207261
1.3,240,-5.771691144
1.3,260,-5.2729213153
1.3,260,-5.272590956
1.3,260,-5.2629614387
1.3,260,-5.2630763619
1.3,260,-5.262080759
1.3,260,-5.2960024088
1.3,260,-5.2657521748
1.3,260,-5.2924718694
1.3,260,-5.2729213153
1.3,260,-5.272590956
1.3,260,-5.2629614387
1.3,260,-5.2630763619
1.3,260,-5.262080759
1.3,260,-5.2960024088
1.3,260,-5.2657521748
1.3,260,-5.2924718694
1.3,280,-4.8657760877
1.3,280,-4.8571215029
1.3,280,-4.8823826917
1.3,280,-4.8667523404
1.3,280,-4.8821378365
1.3,280,-4.8621640534
1.3,280,-4.8762907018
1.3,280,-4.8563201198
1.3,280,-4.8756346617
1.3,280,-4.8438515667
1.3,280,-4.8737265712
1.3,280,-4.840959184
1.3,280,-4.8558295392
1.3,280,-4.8509018743
1.3,280,-4.8715589402
1.3,280,-4.8613874767
1.3,280,-4.8818141921
1.3,280,-4.8823515643
1.3,280,-4.8622020324
1.3,280,-4.8899998993
1.3,300,-4.5185769736
1.3,300,-4.5119083954
1.3,300,-4.5040988648
1.3,300,-4.516523894
1.3,300,-4.5264772397
1.3,300,-4.5153394297
1.3,300,-4.5157654225
1.3,300,-4.4970286481
1.3,300,-4.5084485438
1.3,300,-4.503751409
1.3,330,-4.0375475852
1.3,330,-4.0624757894
1.3,330,-4.0516835431
1.3,330,-4.0591860006
1.3,330,-4.0473865547
1.3,330,-4.0571533085
1.3,330,-4.0638093547
1.3,330,-4.0633386701
1.3,330,-4.0526422533
1.3,330,-4.0526965337
1.3,330,-4.0375475852
1.3,330,-4.0624757894
1.3,330,-4.0516835431
1.3,330,-4.0591860006
1.3,330,-4.0473865547
1.3,330,-4.0571533085
1.3,330,-4.0638093547
1.3,330,-4.0633386701
1.3,330,-4.0526422533
1.3,330,-4.0526965337
1.3,360,-3.8774780406
1.3,360,-3.8598370488
1.3,360,-3.8703914454
1.3,360,-3.8722943222
1.3,360,-3.8565123996
1.3,360,-3.881457648
1.3,360,-3.8583525194
1.3,360,-3.8654440587
1.3,360,-3.861182706
1.3,360,-3.8789526674
1.3,360,-3.8774780406
1.3,360,-3.8598370488
1.3,360,-3.8703914454
1.3,360,-3.8722943222
1.3,360,-3.8565123996
1.3,360,-3.881457648
1.3,360,-3.8583525194
1.3,360,-3.8654440587
1.3,360,-3.861182706
1.3,360,-3.8789526674
