eta,gself,L1,L2,L3,L4,L5,total,face_over_gauss,pe
5.172,default,-1.5234532739583,0.42333624055129,-0.0026256240365154,-0.41521622526024,1.5179588827038,3.4578243046645696e-14,1.5298389712188512,2.96832735501872
0.3,default,-3.2707525689171,3.4525317803615,-0.25739599546175,-3.0581098210442,3.1337266050619,3.4966474160569305e-13,3.2214712528358995,2.26034762307175
5.172,off,-2.1707061686779,1.4896344346269,-0.02244339050024,-1.4479050017703,2.1514201263209,-6.402413321726641e-13,2.174041827949962,3.4161262414831
2.5,off,-9.192655602818,13.535786606448001,0.38301842816763,-14.03957372714,9.313424295348,5.630051980176631e-12,9.30861086048112,5.25391819420579
1.0,off,2.3985915135248,-6.546430666739,-0.06447981996442,6.617577484783,-2.4052585116043,8.0255246892591e-14,2.416350235279749,2.06756058591001
0.3,off,1.0283918218128,-4.1856366750489,-0.03097514527744,4.2173323987694,-1.0291124002555,3.59542257077905e-13,1.0349304797354086,2.55010572372703
5.172,on,-1.0561809093227,-0.1690329266137,0.00011700352987146,0.17026734255546,1.0548294898511,3.1450387541660796e-14,1.0618442391078862,2.35068898730608
2.5,on,-1.1047789588283,-0.12695751140702,5.870920758919e-05,0.1285198368628,1.1031579241655,5.693541612564884e-13,1.110598536339928,2.38540422367481
1.0,on,-1.1370662036771,-0.09541092739329,1.0671895285741e-06,0.09722989901575,1.1352461648651,-1.14280781035879e-14,1.142979588795233,2.40285252967427
0.3,on,-1.1537545333109,-0.07806718841554,-3.5528830310578e-05,0.08003189656176,1.1518253539948,-1.9061222869196093e-13,1.1597132454187444,2.41014262628593
