Density, Temperature, thermoValue
0.85,220.00,-9.071871
0.85,240.00,-8.534649
0.85,260.00,-8.069268
0.85,280.00,-7.612895
0.85,300.00,-7.196147
0.85,330.00,-6.623245
0.85,360.00,-6.099746
0.90,220.00,-9.014699
0.90,240.00,-8.477497
0.90,260.00,-8.012112
0.90,280.00,-7.555747
0.90,300.00,-7.139018
0.90,330.00,-6.566202
0.90,360.00,-6.042929
0.95,220.00,-8.960619
0.95,240.00,-8.423435
0.95,260.00,-7.958047
0.95,280.00,-7.501688
0.95,300.00,-7.084977
0.95,330.00,-6.512238
0.95,360.00,-5.989167
1.00,220.00,-8.718180
1.00,240.00,-8.371459
1.00,260.00,-7.902613
1.00,280.00,-7.450430
1.00,300.00,-7.038440
1.00,330.00,-6.500454
1.00,360.00,-6.048557
1.05,220.00,-8.360473
1.05,240.00,-8.218734
1.05,260.00,-7.835645
1.05,280.00,-7.444368
1.05,300.00,-7.080411
1.05,330.00,-6.595110
1.05,360.00,-6.178393
1.10,220.00,-7.950494
1.10,240.00,-8.132397
1.10,260.00,-7.847855
1.10,280.00,-7.502728
1.10,300.00,-7.169474
1.10,330.00,-6.717974
1.10,360.00,-6.325775
1.15,220.00,-7.478492
1.15,240.00,-8.076346
1.15,260.00,-7.915820
1.15,280.00,-7.613794
1.15,300.00,-7.301036
1.15,330.00,-6.869361
1.15,360.00,-6.492542
1.20,220.00,-7.136893
1.20,240.00,-8.071606
1.20,260.00,-8.028464
1.20,280.00,-7.765845
1.20,300.00,-7.467932
1.20,330.00,-7.047446
1.20,360.00,-6.679323
1.25,220.00,-7.262086
1.25,240.00,-8.191173
1.25,260.00,-8.194751
1.25,280.00,-7.954995
1.25,300.00,-7.665825
1.25,330.00,-7.250529
1.25,360.00,-6.886149
1.30,220.00,-8.289904
1.30,240.00,-8.549554
1.30,260.00,-8.441882
1.30,280.00,-8.185173
1.30,300.00,-7.893274
1.30,330.00,-7.476811
1.30,360.00,-7.112063
