Density,Temperature,thermoValue,originalValue,status
0.85,220.00,-9.071871,-9.071871,drop-spinodal+T
0.9,220.00,-9.014699,-9.014699,drop-spinodal+T
0.95,220.00,-8.960619,-8.960619,drop-spinodal+T
1.0,220.00,-8.718180,-8.718180,extrap-T
1.05,220.00,-8.360473,-8.360473,extrap-T
1.1,220.00,-7.950494,-7.950494,extrap-T
1.15,220.00,-7.478492,-7.478492,extrap-T
1.2,220.00,-7.136893,-7.136893,extrap-T
1.25,220.00,-7.262086,-7.262086,extrap-T
1.3,220.00,-8.289904,-8.289904,extrap-T
0.85,240.00,-8.534649,-8.534649,drop-spinodal+T
0.9,240.00,-8.477497,-8.477497,drop-spinodal+T
0.95,240.00,-8.423435,-8.423435,drop-spinodal+T
1.0,240.00,-8.371459,-8.371459,extrap-T
1.05,240.00,-8.218734,-8.218734,extrap-T
1.1,240.00,-8.132397,-8.132397,extrap-T
1.15,240.00,-8.076346,-8.076346,extrap-T
1.2,240.00,-8.071606,-8.071606,extrap-T
1.25,240.00,-8.191173,-8.191173,extrap-T
1.3,240.00,-8.549554,-8.549554,extrap-T
0.85,260.00,-8.069268,-8.069268,drop-spinodal
0.9,260.00,-8.012112,-8.012112,drop-spinodal
0.95,260.00,-8.077182,-7.958047,re-referenced
1.0,260.00,-7.902613,-7.902613,valid
1.05,260.00,-7.835645,-7.835645,valid
1.1,260.00,-7.847855,-7.847855,valid
1.15,260.00,-7.915820,-7.915820,valid
1.2,260.00,-8.028464,-8.028464,valid
1.25,260.00,-8.194751,-8.194751,valid
1.3,260.00,-8.441882,-8.441882,extrap-P
0.85,280.00,-7.612895,-7.612895,drop-spinodal
0.9,280.00,-7.555747,-7.555747,drop-spinodal
0.95,280.00,-7.524241,-7.501688,re-referenced
1.0,280.00,-7.450430,-7.450430,valid
1.05,280.00,-7.444368,-7.444368,valid
1.1,280.00,-7.502728,-7.502728,valid
1.15,280.00,-7.613794,-7.613794,valid
1.2,280.00,-7.765845,-7.765845,valid
1.25,280.00,-7.954995,-7.954995,extrap-P
1.3,280.00,-8.185173,-8.185173,extrap-P
0.85,300.00,-7.196147,-7.196147,drop-spinodal
0.9,300.00,-7.079781,-7.139018,re-referenced
0.95,300.00,-7.038261,-7.084977,re-referenced
1.0,300.00,-7.038440,-7.038440,valid
1.05,300.00,-7.080411,-7.080411,valid
1.1,300.00,-7.169474,-7.169474,valid
1.15,300.00,-7.301036,-7.301036,valid
1.2,300.00,-7.467932,-7.467932,valid
1.25,300.00,-7.665825,-7.665825,extrap-P
1.3,300.00,-7.893274,-7.893274,extrap-P
0.85,330.00,-6.623245,-6.623245,drop-spinodal
0.9,330.00,-6.363947,-6.566202,re-referenced
0.95,330.00,-6.427235,-6.512238,re-referenced
1.0,330.00,-6.500454,-6.500454,valid
1.05,330.00,-6.595110,-6.595110,valid
1.1,330.00,-6.717974,-6.717974,valid
1.15,330.00,-6.869361,-6.869361,valid
1.2,330.00,-7.047446,-7.047446,valid
1.25,330.00,-7.250529,-7.250529,extrap-P
1.3,330.00,-7.476811,-7.476811,extrap-P
0.85,360.00,-5.714460,-6.099746,re-referenced
0.9,360.00,-5.818421,-6.042929,re-referenced
0.95,360.00,-5.931280,-5.989167,re-referenced
1.0,360.00,-6.048557,-6.048557,valid
1.05,360.00,-6.178393,-6.178393,valid
1.1,360.00,-6.325775,-6.325775,valid
1.15,360.00,-6.492542,-6.492542,valid
1.2,360.00,-6.679323,-6.679323,valid
1.25,360.00,-6.886149,-6.886149,extrap-P
1.3,360.00,-7.112063,-7.112063,extrap-P
