eta,w,bracket,field_lmin,face_gauss,L4,L5,exp1_lmin,mu_ratio,exp2_Qnear
5.172,0.3,28.836723650571393,28.72,1.0584729724964197,0.24869087161685996,0.9209167099195,1.681,1.0006082010410398,-1.0574346215647097
5.172,0.5,18.004550336312953,17.89,1.13354776922137,0.16954009725152003,1.0557447382995997,1.681,1.0008377032717102,-1.1326889331290138
5.172,0.75,12.588463679183734,12.48,1.1674459259266343,0.06371257081682001,1.166999140913,1.681,1.0010470657154322,-1.1669144647779595
5.172,1.0,9.880420350619124,9.767,1.1796196070475289,-0.03476460026468001,1.2504410116511004,1.681,1.0012060021961475,-1.1794477676546615
5.172,1.5,7.172377022054514,7.059,1.1831570974583354,-0.20291085638223003,1.3750773554457,1.681,1.001437119107451,-1.1837013769031246
5.172,2.0,5.8183553577722105,5.705,1.1781813863127986,-0.33802862416118,1.4671877211703,1.68,1.0016005934101666,-1.1793876041231337
5.172,2.378,5.172661258825141,5.059,1.1729924156494265,-0.42314814704366,1.5231184057598999,1.68,1.0016967189422974,-1.1746537828444084
0.3,0.3,23.964723650571393,23.85,1.0921704672420685,0.22480999443654998,0.9730671241083001,1.681,1.0006922124319046,-1.0911759475546086
0.3,0.5,13.132550336312955,13.02,1.1644444130106142,0.07858103252349001,1.1531951244776,1.681,1.0010207230609551,-1.163862908306573
0.3,0.75,7.716463679183734,7.603,1.1835651815794377,-0.16050165104417996,1.3449830177849,1.681,1.0013822953312381,-1.1839173355391088
0.3,1.0,5.008420350619126,4.895,1.1712787592853957,-0.44765878734293996,1.5390018243638,1.68,1.0017236070197133,-1.1730765842863007
0.3,1.5,2.3003770220545148,2.187,1.0967871123815314,-1.1802853728543004,1.9911310491171996,1.679,1.0024362493451302,-1.1037557664591078
0.3,2.0,0.9463553577722106,0.8331,0.9643011940982069,-2.1961791550548,2.5976592328021004,0.8464,1.0033905423607734,-0.9819698527881565
0.3,2.378,0.3006612588251403,0.1874,0.8123058382410235,-3.1428080425477,3.1947732957314003,0.2009,1.004887174565603,-0.8453066222800892
